<application>
  <component name="VimSettings">
    <state version="4" enabled="true" />
    <globalmarks />
    <filemarks>
      <file name="$USER_HOME$/tec-do/frame/boot/test/test.py" timestamp="1562900515428">
        <mark key="[" line="37" column="29" />
        <mark key="]" line="37" column="25" />
        <mark key="." line="37" column="25" />
        <mark key="^" line="37" column="25" />
      </file>
      <file name="/Dummy.txt" timestamp="1563171045348">
        <mark key="[" line="0" column="0" />
      </file>
      <file name="/Python Console" timestamp="1562925579800">
        <mark key="[" line="0" column="0" />
      </file>
      <file name="/a.dummy" timestamp="1562903317317">
        <mark key="[" line="0" column="0" />
      </file>
      <file name="$USER_HOME$/PycharmProjects/untitled/venv/lib/python3.7/site-packages/werkzeug/serving.py" timestamp="1563186171511">
        <mark key="'" line="697" column="8" />
      </file>
      <file name="$USER_HOME$/tec-do/frame/boot/submit_script/console.py" timestamp="1562931160477">
        <mark key="[" line="7" column="0" />
        <mark key="]" line="7" column="0" />
        <mark key="." line="7" column="0" />
        <mark key="^" line="11" column="8" />
      </file>
      <file name="$USER_HOME$/code/go/test1.go" timestamp="1570612540657">
        <mark key="[" line="7" column="13" />
        <mark key="]" line="7" column="13" />
        <mark key="." line="7" column="13" />
        <mark key="^" line="7" column="13" />
      </file>
      <file name="$USER_HOME$/tec-do/frame/boot/1688/count_category.py" timestamp="1563157832748">
        <mark key="[" line="9" column="15" />
        <mark key="]" line="9" column="10" />
        <mark key="." line="9" column="10" />
        <mark key="^" line="9" column="10" />
      </file>
      <file name="$USER_HOME$/tec-do/abot-master/protocol/src/main/java/com/mobisummer/abot/protocol/Const.java" timestamp="1560331352261">
        <mark key="[" line="246" column="3" />
      </file>
      <file name="$USER_HOME$/tec-do/frame/boot/submit_script/common.py" timestamp="1563156529387">
        <mark key="[" line="12" column="24" />
        <mark key="]" line="12" column="78" />
        <mark key="^" line="12" column="78" />
        <mark key="." line="12" column="78" />
      </file>
      <file name="$USER_HOME$/tec-do/abot-task/submit_script/submit.py" timestamp="1563180304373">
        <mark key="[" line="55" column="43" />
        <mark key="]" line="55" column="42" />
        <mark key="^" line="55" column="42" />
        <mark key="." line="55" column="42" />
      </file>
      <file name="$USER_HOME$/PycharmProjects/untitled/venv/lib/python3.7/site-packages/flask/app.py" timestamp="1563185559072">
        <mark key="'" line="943" column="24" />
      </file>
      <file name="$USER_HOME$/code/my/node_1/server.js" timestamp="1563353448709">
        <mark key="[" line="0" column="0" />
        <mark key="]" line="0" column="25" />
        <mark key="^" line="0" column="25" />
        <mark key="." line="0" column="25" />
      </file>
      <file name="$USER_HOME$/tec-do/frame/boot/submit_script/submit.py" timestamp="1563178633379">
        <mark key="[" line="153" column="27" />
        <mark key="]" line="153" column="38" />
        <mark key="." line="153" column="38" />
        <mark key="^" line="153" column="38" />
      </file>
      <file name="$USER_HOME$/tec-do/frame/boot/submit_script/abot_config.py" timestamp="1563178519827">
        <mark key="[" line="8" column="0" />
        <mark key="]" line="8" column="0" />
        <mark key="^" line="94" column="14" />
        <mark key="." line="8" column="0" />
      </file>
      <file name="$USER_HOME$/tec-do/abot-task/ali1688/category/count_category.py" timestamp="1563178422169">
        <mark key="[" line="107" column="27" />
        <mark key="]" line="107" column="30" />
        <mark key="^" line="107" column="30" />
        <mark key="." line="107" column="30" />
      </file>
      <file name="$USER_HOME$/tec-do/abot-task/submit_script/abot_config.py" timestamp="1563180872131">
        <mark key="[" line="119" column="33" />
        <mark key="]" line="119" column="32" />
        <mark key="." line="119" column="32" />
        <mark key="^" line="119" column="32" />
      </file>
      <file name="/dummy.sql" timestamp="1560251555279">
        <mark key="[" line="0" column="0" />
      </file>
      <file name="/fragment.java" timestamp="1560493061075">
        <mark key="[" line="0" column="0" />
      </file>
      <file name="$USER_HOME$/go/src/awesomeProject/text.go" timestamp="1568105007321">
        <mark key="[" line="1" column="0" />
        <mark key="]" line="1" column="0" />
        <mark key="." line="1" column="0" />
      </file>
    </filemarks>
    <jumps>
      <jump line="169" column="27" filename="$USER_HOME$/tec-do/abot-task/shopee/prod/shopee_magic.json" />
      <jump line="41" column="9" filename="$USER_HOME$/tec-do/abot-task/lazada/lazada_magic.json" />
      <jump line="118" column="24" filename="$USER_HOME$/tec-do/abot-task/lazada/lazada_magic.json" />
      <jump line="40" column="43" filename="$USER_HOME$/tec-do/abot-task/lazada/lazada_magic.json" />
      <jump line="53" column="32" filename="$USER_HOME$/tec-do/abot-task/lazada/lazada_magic.json" />
      <jump line="54" column="24" filename="$USER_HOME$/tec-do/abot-task/lazada/lazada_magic.json" />
      <jump line="117" column="31" filename="$USER_HOME$/tec-do/abot-task/lazada/lazada_magic.json" />
      <jump line="235" column="13" filename="$USER_HOME$/tec-do/abot-task/shopee/prod/shopee_magic.json" />
      <jump line="450" column="43" filename="$USER_HOME$/tec-do/abot-task/shopee/prod/shopee_magic.json" />
      <jump line="361" column="13" filename="$USER_HOME$/tec-do/abot-task/shopee/prod/shopee_magic.json" />
      <jump line="221" column="40" filename="$USER_HOME$/tec-do/abot-task/shopee/prod/shopee_magic.json" />
      <jump line="316" column="31" filename="$USER_HOME$/tec-do/abot-task/shopee/prod/shopee_magic.json" />
      <jump line="378" column="14" filename="$USER_HOME$/tec-do/abot-task/shopee/prod/shopee_magic.json" />
      <jump line="270" column="41" filename="$USER_HOME$/tec-do/abot-task/shopee/prod/shopee_magic.json" />
      <jump line="331" column="27" filename="$USER_HOME$/tec-do/abot-task/shopee/prod/shopee_magic.json" />
      <jump line="384" column="49" filename="$USER_HOME$/tec-do/abot-task/shopee/prod/shopee_magic.json" />
      <jump line="437" column="45" filename="$USER_HOME$/tec-do/abot-task/shopee/prod/shopee_magic.json" />
      <jump line="10" column="43" filename="$USER_HOME$/tec-do/abot-task/shopee/prod/shopee_magic.json" />
      <jump line="344" column="12" filename="$USER_HOME$/tec-do/abot-task/shopee/prod/shopee_magic.json" />
      <jump line="410" column="12" filename="$USER_HOME$/tec-do/abot-task/shopee/prod/shopee_magic.json" />
      <jump line="254" column="33" filename="$USER_HOME$/tec-do/abot-task/shopee/prod/shopee_magic.json" />
      <jump line="489" column="28" filename="$USER_HOME$/tec-do/abot-task/shopee/prod/shopee_magic.json" />
      <jump line="347" column="33" filename="$USER_HOME$/tec-do/abot-task/shopee/prod/shopee_magic.json" />
      <jump line="4" column="27" filename="$USER_HOME$/tec-do/abot-task/shopee/prod/shopee_magic.json" />
      <jump line="23" column="26" filename="$USER_HOME$/tec-do/abot-task/shopee/prod/shopee_magic.json" />
      <jump line="226" column="41" filename="$USER_HOME$/tec-do/abot-task/shopee/prod/shopee_magic.json" />
      <jump line="253" column="34" filename="$USER_HOME$/tec-do/abot-task/shopee/prod/shopee_magic.json" />
      <jump line="399" column="34" filename="$USER_HOME$/tec-do/abot-task/shopee/prod/shopee_magic.json" />
      <jump line="29" column="19" filename="$USER_HOME$/tec-do/abot-task/shopee/prod/shopee_magic.json" />
      <jump line="34" column="30" filename="$USER_HOME$/tec-do/abot-task/shopee/prod/shopee_magic.json" />
      <jump line="206" column="12" filename="$USER_HOME$/tec-do/abot-task/shopee/prod/shopee_magic.json" />
      <jump line="119" column="29" filename="$USER_HOME$/tec-do/abot-task/shopee/prod/shopee_magic.json" />
      <jump line="124" column="29" filename="$USER_HOME$/tec-do/abot-task/shopee/prod/shopee_magic.json" />
      <jump line="129" column="29" filename="$USER_HOME$/tec-do/abot-task/shopee/prod/shopee_magic.json" />
      <jump line="126" column="13" filename="$USER_HOME$/tec-do/abot-task/ali1688/1688_config.json" />
      <jump line="182" column="11" filename="$USER_HOME$/tec-do/abot-task/ali1688/1688_config.json" />
      <jump line="484" column="30" filename="$USER_HOME$/tec-do/abot-task/shopee/shopee_config.json" />
      <jump line="7" column="31" filename="$USER_HOME$/tec-do/abot-task/shopee/shopee_config.json" />
      <jump line="10" column="35" filename="$USER_HOME$/tec-do/abot-task/shopee/shopee_config.json" />
      <jump line="13" column="39" filename="$USER_HOME$/tec-do/abot-task/shopee/shopee_config.json" />
      <jump line="24" column="22" filename="$USER_HOME$/tec-do/abot-task/shopee/shopee_config.json" />
      <jump line="38" column="24" filename="$USER_HOME$/tec-do/abot-task/shopee/shopee_config.json" />
      <jump line="483" column="23" filename="$USER_HOME$/tec-do/abot-task/shopee/shopee_config.json" />
      <jump line="36" column="36" filename="$USER_HOME$/tec-do/abot-task/shopee/shopee_config.json" />
      <jump line="15" column="14" filename="$USER_HOME$/tec-do/abot-task/shopee/shopee_config.json" />
      <jump line="163" column="12" filename="$USER_HOME$/tec-do/abot-task/shopee/shopee_id_config.json" />
      <jump line="364" column="0" filename="$USER_HOME$/tec-do/abot-task/shopee/shopee_id_config.json" />
      <jump line="221" column="0" filename="$USER_HOME$/tec-do/abot-task/shopee/shopee_id_config.json" />
      <jump line="365" column="0" filename="$USER_HOME$/tec-do/abot-task/shopee/shopee_id_config.json" />
      <jump line="374" column="0" filename="$USER_HOME$/tec-do/abot-task/shopee/shopee_id_config.json" />
      <jump line="29" column="19" filename="$USER_HOME$/tec-do/abot-task/shopee/shopee_id_config.json" />
      <jump line="58" column="19" filename="$USER_HOME$/tec-do/abot-task/shopee/shopee_id_config.json" />
      <jump line="187" column="0" filename="$USER_HOME$/tec-do/abot-task/shopee/shopee_id_config.json" />
      <jump line="368" column="12" filename="$USER_HOME$/tec-do/abot-task/shopee/shopee_id_config.json" />
      <jump line="196" column="12" filename="$USER_HOME$/tec-do/abot-task/shopee/shopee_id_config.json" />
      <jump line="376" column="14" filename="$USER_HOME$/tec-do/abot-task/shopee/shopee_id_config.json" />
      <jump line="92" column="26" filename="$USER_HOME$/tec-do/abot-task/shopee/shopee_id_config.json" />
      <jump line="330" column="14" filename="$USER_HOME$/tec-do/abot-task/shopee/shopee_id_config.json" />
      <jump line="198" column="13" filename="$USER_HOME$/tec-do/abot-task/shopee/shopee_id_config.json" />
      <jump line="194" column="12" filename="$USER_HOME$/tec-do/abot-task/shopee/shopee_id_config.json" />
      <jump line="168" column="24" filename="$USER_HOME$/tec-do/abot-task/shopee/shopee_id_config.json" />
      <jump line="268" column="31" filename="$USER_HOME$/tec-do/abot-task/shopee/shopee_id_config.json" />
      <jump line="335" column="13" filename="$USER_HOME$/tec-do/abot-task/shopee/shopee_id_config.json" />
      <jump line="172" column="38" filename="$USER_HOME$/tec-do/abot-task/shopee/shopee_id_config.json" />
      <jump line="306" column="22" filename="$USER_HOME$/tec-do/abot-task/shopee/shopee_id_config.json" />
      <jump line="401" column="15" filename="$USER_HOME$/tec-do/abot-task/shopee/shopee_id_config.json" />
      <jump line="360" column="13" filename="$USER_HOME$/tec-do/abot-task/shopee/shopee_id_config.json" />
      <jump line="210" column="13" filename="$USER_HOME$/tec-do/abot-task/shopee/shopee_id_config.json" />
      <jump line="479" column="15" filename="$USER_HOME$/tec-do/abot-task/shopee/shopee_id_config.json" />
      <jump line="243" column="13" filename="$USER_HOME$/tec-do/abot-task/shopee/shopee_id_config.json" />
      <jump line="136" column="13" filename="$USER_HOME$/tec-do/abot-task/ali1688/1688_config.json" />
      <jump line="219" column="35" filename="$USER_HOME$/tec-do/abot-task/shopee/shopee_id_config.json" />
      <jump line="220" column="33" filename="$USER_HOME$/tec-do/abot-task/shopee/shopee_id_config.json" />
      <jump line="349" column="31" filename="$USER_HOME$/tec-do/abot-task/shopee/shopee_id_config.json" />
      <jump line="430" column="37" filename="$USER_HOME$/tec-do/abot-task/shopee/shopee_id_config.json" />
      <jump line="494" column="27" filename="$USER_HOME$/tec-do/abot-task/shopee/shopee_id_config.json" />
      <jump line="24" column="29" filename="$USER_HOME$/tec-do/abot-task/shopee/shopee_id_config.json" />
      <jump line="43" column="31" filename="$USER_HOME$/tec-do/abot-task/shopee/shopee_id_config.json" />
      <jump line="53" column="25" filename="$USER_HOME$/tec-do/abot-task/shopee/shopee_id_config.json" />
      <jump line="0" column="0" filename="$USER_HOME$/tec-do/abot-task/staticResource/static_resource_config.json" />
      <jump line="14" column="12" filename="$USER_HOME$/tec-do/abot-task/staticResource/static_resource_config.json" />
      <jump line="23" column="22" filename="$USER_HOME$/tec-do/abot-task/staticResource/static_resource_config.json" />
      <jump line="32" column="24" filename="$USER_HOME$/tec-do/abot-task/staticResource/static_resource_config.json" />
      <jump line="41" column="18" filename="$USER_HOME$/tec-do/abot-task/staticResource/static_resource_config.json" />
      <jump line="25" column="13" filename="$USER_HOME$/tec-do/abot-task/staticResource/static_resource_config.json" />
      <jump line="21" column="20" filename="$USER_HOME$/tec-do/frame/boot/submit_script/config.py" />
      <jump line="59" column="8" filename="$USER_HOME$/tec-do/abot-task/ali1688/category/count_category.py" />
      <jump line="88" column="72" filename="$USER_HOME$/tec-do/abot-task/ali1688/category/count_category.py" />
      <jump line="89" column="79" filename="$USER_HOME$/tec-do/abot-task/ali1688/category/count_category.py" />
      <jump line="888" column="29" filename="$USER_HOME$/PycharmProjects/untitled/venv/lib/python3.7/site-packages/flask/app.py" />
      <jump line="921" column="25" filename="$USER_HOME$/PycharmProjects/untitled/venv/lib/python3.7/site-packages/flask/app.py" />
      <jump line="922" column="12" filename="$USER_HOME$/PycharmProjects/untitled/venv/lib/python3.7/site-packages/flask/app.py" />
      <jump line="978" column="8" filename="$USER_HOME$/PycharmProjects/untitled/venv/lib/python3.7/site-packages/flask/app.py" />
      <jump line="943" column="24" filename="$USER_HOME$/PycharmProjects/untitled/venv/lib/python3.7/site-packages/flask/app.py" />
      <jump line="733" column="12" filename="$USER_HOME$/PycharmProjects/untitled/venv/lib/python3.7/site-packages/werkzeug/serving.py" />
      <jump line="746" column="15" filename="$USER_HOME$/PycharmProjects/untitled/venv/lib/python3.7/site-packages/werkzeug/serving.py" />
      <jump line="57" column="28" filename="$USER_HOME$/PycharmProjects/untitled/venv/lib/python3.7/site-packages/werkzeug/serving.py" />
      <jump line="60" column="31" filename="$USER_HOME$/PycharmProjects/untitled/venv/lib/python3.7/site-packages/werkzeug/serving.py" />
      <jump line="665" column="21" filename="$USER_HOME$/PycharmProjects/untitled/venv/lib/python3.7/site-packages/werkzeug/serving.py" />
      <jump line="697" column="8" filename="$USER_HOME$/PycharmProjects/untitled/venv/lib/python3.7/site-packages/werkzeug/serving.py" />
    </jumps>
    <registers>
      <register name="&quot;" type="4">
        <text>+</text>
      </register>
      <register name="-" type="4">
        <text>+</text>
      </register>
      <register name="/" type="4">
        <text encoding="base64">XDxIVFRQU2VydmVyXD4=</text>
      </register>
      <register name="0" type="2">
        <text encoding="base64">ICAgIGxvZygnaHR0cCB1cmw6IHt9Jy5mb3JtYXQodXJsKSkK</text>
      </register>
      <register name="1" type="2">
        <text encoding="base64">ICAgIGxvZy5QcmludGxuKG1hdGguUGkpCg==</text>
      </register>
      <register name="2" type="2">
        <text encoding="base64">ZnVuYyAK</text>
      </register>
      <register name="3" type="2">
        <text encoding="base64">CSJtYXRoIgo=</text>
      </register>
      <register name="4" type="2">
        <text encoding="base64">CSJmbXQiCg==</text>
      </register>
      <register name="5" type="2">
        <text encoding="base64">Cg==</text>
      </register>
      <register name="6" type="2">
        <text encoding="base64">c2FkaWhhc29kCg==</text>
      </register>
      <register name="7" type="2">
        <text encoding="base64">YXNkamthc2QK</text>
      </register>
      <register name="8" type="2">
        <text encoding="base64">ICAgICAgICBsb2coJ+W9k+WJjeW3snN1Ym1pdOaVsOaNrjp7fSDmnaEnLmZvcm1hdChzdWJtaXRfY291bnQpKQo=</text>
      </register>
      <register name="9" type="2">
        <text encoding="base64">ICAgICAgICBzdGFydF90aW1lID0gdGltZS50aW1lKCkK</text>
      </register>
      <register name=":" type="4">
        <text>vs</text>
      </register>
    </registers>
    <search>
      <last-search encoding="base64">XDxIVFRQU2VydmVyXD4=</last-search>
      <last-offset />
      <last-pattern encoding="base64">XDxIVFRQU2VydmVyXD4=</last-pattern>
      <last-replace>maxChars</last-replace>
      <last-substitute encoding="base64">XDxqb2JGbG93RGV0YWlsXD4=</last-substitute>
      <last-dir>1</last-dir>
      <show-last>false</show-last>
    </search>
    <history>
      <history-search>
        <entry>wholesaleTierList</entry>
        <entry>json_object_strict</entry>
        <entry>when</entry>
        <entry>bundleDealInfo</entry>
        <entry>coinEarnLabel</entry>
        <entry>discount</entry>
        <entry>flashSale</entry>
        <entry>groupBuyInfo</entry>
        <entry>hiddenPriceDisplay</entry>
        <entry>installmentPlans</entry>
        <entry>addOnDealInfo</entry>
        <entry>loop</entry>
        <entry>List</entry>
        <entry>img</entry>
        <entry>image</entry>
        <entry>pageUrl</entry>
        <entry encoding="base64">XDxzdG9yYWdlX3VyaVw+</entry>
        <entry encoding="base64">XDxzdGFydF90aW1lXD4=</entry>
        <entry encoding="base64">XDxwb3J0XD4=</entry>
        <entry encoding="base64">XDxIVFRQU2VydmVyXD4=</entry>
      </history-search>
      <history-cmd>
        <entry>wq</entry>
        <entry>1,$ s/maxchars/maxChars/g</entry>
        <entry>w</entry>
        <entry>sv</entry>
        <entry>vs</entry>
      </history-cmd>
      <history-expr />
      <history-input />
    </history>
    <shortcut-conflicts>
      <shortcut-conflict owner="vim">
        <text>ctrl pressed M</text>
      </shortcut-conflict>
    </shortcut-conflicts>
    <editor>
      <key-repeat enabled="true" />
    </editor>
  </component>
</application>