<application>
  <component name="AppStorage">
    <histories>
      <item value="defer" />
      <item value="Cannot use 'stu1' (type *models.User) as type struct{}" />
      <item value="The identifier that was inserted." />
      <item value="Invalid indirect of 'result.InsertedID' (type 'interface{}')" />
      <item value="Receiver has generic name" />
      <item value="Cannot take the address of 'make([]User, 1)' Inspection info: Reports address operators applied to wrong operands." />
      <item value="Cannot take the address of 'make([]User, 1)'" />
      <item value="omitempty" />
      <item value="Bad syntax for struct tag value" />
      <item value="ObjectIDs must be exactly 12 bytes long" />
      <item value="Unexported field with tag" />
      <item value="ambiguous selector c.Test" />
      <item value="indent" />
      <item value="cannot find package &quot;github.com/astaxie/beego&quot; in any of" />
      <item value="exists but should not" />
      <item value="Build constraints exclude all Go files in '/Users/l/code/go/src/github.com/astaxie/beego'" />
      <item value="goroutine" />
      <item value="Cannot define new methods on non-local type 'builtin.int'" />
      <item value="complex" />
      <item value="∫" />
      <item value="Cannot use '(i)' (type int) as type float64 in assignment" />
      <item value="Node.js coding assistance is disabled" />
      <item value="Unresolved function or method require()" />
      <item value="should the exception evaluation feature be enabled?" />
      <item value="use evalex" />
      <item value="should the server automatically restart the python process if modules were changed?" />
      <item value="If the value is a path that starts with" />
      <item value="indices" />
      <item value="Expected type 'str', got 'int' instead" />
      <item value="大小已经达到阈值, 即将发送数据" />
      <item value="大小已经达到阈值" />
      <item value="发现一条目标数据" />
      <item value="used configuration" />
      <item value="Access to a protected member _getframe of a module" />
      <item value="Statement seems to have no effect" />
      <item value="顺序" />
      <item value="是否启动" />
      <item value="Invalid number of arguments, expected 1" />
      <item value="schema" />
      <item value="quote" />
      <item value="quotes" />
      <item value="整理" />
      <item value="nodename nor servname provided, or not known" />
      <item value="provided" />
      <item value="Expected type 'bytes', got 'str' instead" />
      <item value="not readable" />
      <item value="add on deal info" />
      <item value="coin earn label" />
      <item value="brand" />
      <item value="upcoming flash sale" />
    </histories>
    <option name="languageScores">
      <map>
        <entry key="CHINESE" value="18" />
        <entry key="ENGLISH" value="18" />
      </map>
    </option>
  </component>
  <component name="Settings">
    <option name="ignoreRegExp" value="" />
  </component>
</application>