<code_scheme name="Default" version="173">
  <JSCodeStyleSettings version="0">
    <option name="USE_SEMICOLON_AFTER_STATEMENT" value="false" />
    <option name="FORCE_SEMICOLON_STYLE" value="true" />
    <option name="USE_DOUBLE_QUOTES" value="false" />
    <option name="FORCE_QUOTE_STYlE" value="true" />
  </JSCodeStyleSettings>
  <codeStyleSettings language="go">
    <indentOptions>
      <option name="USE_TAB_CHARACTER" value="false" />
    </indentOptions>
  </codeStyleSettings>
</code_scheme>