<application>
  <component name="VimSettings">
    <state version="4" enabled="true" />
    <globalmarks />
    <filemarks>
      <file name="$USER_HOME$/tec-do/dts-plugin-abot/dts-abot/src/main/java/com/mobisummer/emp/conversion/processor/converter/base/CommentConverter.java" timestamp="1559119598969">
        <mark key="'" line="58" column="30" />
        <mark key="[" line="87" column="60" />
        <mark key="]" line="89" column="92" />
        <mark key="^" line="89" column="92" />
        <mark key="." line="89" column="92" />
      </file>
      <file name="$USER_HOME$/tec-do/dts-plugin-abot/build.gradle" timestamp="1560502835365">
        <mark key="[" line="68" column="32" />
        <mark key="]" line="68" column="3" />
        <mark key="^" line="68" column="3" />
        <mark key="." line="68" column="3" />
      </file>
      <file name="$USER_HOME$/tec-do/abot-master/protocol/src/main/java/com/mobisummer/abot/protocol/Const.java" timestamp="1560331352261">
        <mark key="[" line="246" column="3" />
      </file>
      <file name="$USER_HOME$/tec-do/dts-plugin-abot/dts-abot/src/main/java/com/mobisummer/emp/conversion/entity/Sku.java" timestamp="1559216740124">
        <mark key="[" line="67" column="38" />
        <mark key="]" line="67" column="38" />
        <mark key="." line="67" column="38" />
        <mark key="^" line="67" column="38" />
      </file>
      <file name="$USER_HOME$/tec-do/dts-plugin-abot/dts-abot/src/main/java/com/mobisummer/emp/conversion/processor/converter/lzd/LzdSkuConverter.java" timestamp="1559216158029">
        <mark key="[" line="118" column="74" />
        <mark key="]" line="118" column="80" />
        <mark key="." line="118" column="80" />
        <mark key="^" line="118" column="80" />
      </file>
      <file name="$USER_HOME$/tec-do/dts-plugin-abot/dts-abot/src/main/java/com/mobisummer/emp/conversion/processor/converter/base/Converter.java" timestamp="1559111845992">
        <mark key="[" line="19" column="25" />
        <mark key="]" line="19" column="42" />
        <mark key="." line="19" column="42" />
        <mark key="^" line="19" column="42" />
      </file>
      <file name="$USER_HOME$/tec-do/abot-slave/slave/src/main/java/com/mobisummer/abot/slave/crawl/CommonPageProcessor.java" timestamp="1560504006741">
        <mark key="[" line="240" column="12" />
        <mark key="]" line="246" column="7" />
        <mark key="^" line="54" column="95" />
        <mark key="." line="246" column="7" />
      </file>
      <file name="$USER_HOME$/tec-do/dts-plugin-abot/dts-abot/src/main/java/com/mobisummer/emp/conversion/processor/handler/AeSkuProcessHandler.java" timestamp="1558677947986">
        <mark key="[" line="16" column="0" />
        <mark key="]" line="16" column="0" />
        <mark key="^" line="52" column="62" />
        <mark key="." line="16" column="0" />
      </file>
      <file name="$USER_HOME$/tec-do/dts-plugin-abot/dts-abot/src/test/java/com/mobisummer/emp/conversion/converter/AeSpuConverterTest.java" timestamp="1558925867519">
        <mark key="[" line="35" column="37" />
        <mark key="]" line="35" column="35" />
        <mark key="." line="35" column="35" />
        <mark key="^" line="35" column="35" />
      </file>
      <file name="$USER_HOME$/tec-do/dts-plugin-abot/dts-abot/src/main/java/com/mobisummer/emp/conversion/worker/ProcessWorker.java" timestamp="1559620472032">
        <mark key="'" line="66" column="9" />
        <mark key="[" line="117" column="0" />
        <mark key="]" line="117" column="0" />
        <mark key="." line="117" column="0" />
        <mark key="^" line="117" column="8" />
      </file>
      <file name="$USER_HOME$/tec-do/dts-plugin-abot/dts-abot/src/main/java/com/mobisummer/emp/conversion/processor/converter/lzd/LzdSpuConverter.java" timestamp="1559529632804">
        <mark key="[" line="134" column="13" />
        <mark key="]" line="134" column="10" />
        <mark key="^" line="134" column="10" />
        <mark key="." line="134" column="10" />
      </file>
      <file name="$USER_HOME$/tec-do/dts-plugin-abot/dts-sdk/src/main/java/com/mobisummer/emp/protocol/entity/DtsMessage.java" timestamp="1559132778830">
        <mark key="[" line="11" column="24" />
        <mark key="]" line="11" column="46" />
        <mark key="^" line="11" column="46" />
        <mark key="." line="11" column="46" />
      </file>
      <file name="$USER_HOME$/tec-do/dts-plugin-abot/dts-abot/src/main/java/com/mobisummer/emp/conversion/processor/handler/LzdProcessHandler.java" timestamp="1558671463810">
        <mark key="'" line="84" column="54" />
        <mark key="[" line="7" column="0" />
        <mark key="]" line="7" column="0" />
        <mark key="^" line="50" column="12" />
        <mark key="." line="7" column="0" />
      </file>
      <file name="$USER_HOME$/tec-do/abot-task/lazada/lazada_magic.json" timestamp="1561602116095">
        <mark key="'" line="117" column="31" />
        <mark key="[" line="1" column="5" />
        <mark key="]" line="1" column="27" />
        <mark key="." line="1" column="5" />
      </file>
      <file name="$USER_HOME$/tec-do/dts-plugin-abot/dts-abot/src/main/java/com/mobisummer/emp/conversion/processor/converter/base/SkuConverter.java" timestamp="1559268674639">
        <mark key="'" line="59" column="14" />
        <mark key="[" line="27" column="0" />
        <mark key="]" line="27" column="0" />
        <mark key="^" line="382" column="44" />
        <mark key="." line="27" column="0" />
      </file>
      <file name="$USER_HOME$/tec-do/abot-task/ali1688/1688_config.json" timestamp="1561711240744">
        <mark key="'" line="136" column="13" />
      </file>
      <file name="$USER_HOME$/tec-do/abot-task/shopee/prod/shopee_magic.json" timestamp="1561530766583">
        <mark key="'" line="129" column="29" />
        <mark key="[" line="213" column="28" />
        <mark key="]" line="214" column="36" />
        <mark key="." line="214" column="36" />
        <mark key="^" line="214" column="36" />
      </file>
      <file name="$USER_HOME$/tec-do/abot-slave/slave/src/main/java/com/mobisummer/abot/slave/crawl/CustomPipeline.java" timestamp="1560496374332">
        <mark key="'" line="43" column="23" />
        <mark key="[" line="90" column="9" />
        <mark key="]" line="90" column="64" />
        <mark key="^" line="90" column="64" />
        <mark key="." line="90" column="64" />
      </file>
      <file name="$USER_HOME$/tec-do/dts-plugin-abot/dts-abot/src/test/java/com/mobisummer/emp/conversion/converter/LzdSpuConverterTest.java" timestamp="1558667864164">
        <mark key="[" line="7" column="0" />
        <mark key="]" line="7" column="0" />
        <mark key="^" line="34" column="48" />
        <mark key="." line="7" column="0" />
      </file>
      <file name="$USER_HOME$/tec-do/dts-plugin-abot/dts-abot/src/main/java/com/mobisummer/emp/conversion/utils/Json.java" timestamp="1559530615128">
        <mark key="'" line="388" column="37" />
        <mark key="[" line="3405" column="0" />
        <mark key="]" line="3405" column="0" />
        <mark key="." line="3405" column="0" />
        <mark key="^" line="1409" column="11" />
      </file>
      <file name="$USER_HOME$/tec-do/abot-task/ali1688/category/result.csv" timestamp="1562558873505">
        <mark key="[" line="1" column="9" />
        <mark key="]" line="1" column="8" />
        <mark key="^" line="1" column="8" />
        <mark key="." line="1" column="8" />
      </file>
      <file name="$USER_HOME$/code/my/bf/src/test/java/com/common/project/Test.java" timestamp="1559295719558">
        <mark key="[" line="23" column="30" />
        <mark key="]" line="23" column="31" />
        <mark key="." line="23" column="31" />
        <mark key="^" line="23" column="31" />
      </file>
      <file name="$USER_HOME$/tec-do/dts-plugin-abot/dts-abot/src/main/java/com/mobisummer/emp/conversion/constant/ConstantRepository.java" timestamp="1558684053034">
        <mark key="[" line="9" column="54" />
        <mark key="]" line="11" column="58" />
        <mark key="^" line="11" column="58" />
        <mark key="." line="11" column="58" />
      </file>
      <file name="$USER_HOME$/tec-do/abot-master/master/src/main/java/com/mobisummer/abot/master/service/JobService.java" timestamp="1560415462596">
        <mark key="[" line="828" column="0" />
        <mark key="]" line="828" column="0" />
        <mark key="^" line="828" column="0" />
        <mark key="." line="828" column="0" />
      </file>
      <file name="$USER_HOME$/tec-do/frame/boot/test/test.py" timestamp="1562656975382">
        <mark key="[" line="37" column="29" />
        <mark key="]" line="37" column="25" />
        <mark key="." line="37" column="25" />
        <mark key="^" line="37" column="25" />
      </file>
      <file name="$USER_HOME$/tec-do/abot-task/shopee/shopee_id_job_flow_start.json" timestamp="1562122043071">
        <mark key="[" line="3" column="40" />
        <mark key="]" line="3" column="39" />
        <mark key="." line="3" column="39" />
        <mark key="^" line="3" column="39" />
      </file>
      <file name="$USER_HOME$/tec-do/dts-plugin-abot/dts-abot/src/main/java/com/mobisummer/emp/conversion/processor/converter/ae/AeSkuConverter.java" timestamp="1559102451485">
        <mark key="'" line="101" column="54" />
        <mark key="[" line="23" column="10" />
        <mark key="]" line="23" column="35" />
        <mark key="." line="23" column="35" />
        <mark key="^" line="23" column="35" />
      </file>
      <file name="$USER_HOME$/tec-do/dts-plugin-abot/dts-abot/src/main/java/com/mobisummer/emp/conversion/processor/handler/AeCommentProcessHandler.java" timestamp="1558691362169">
        <mark key="[" line="103" column="0" />
        <mark key="]" line="103" column="0" />
        <mark key="^" line="45" column="66" />
        <mark key="." line="103" column="0" />
      </file>
      <file name="$USER_HOME$/tec-do/dts-plugin-abot/dts-abot/src/main/java/com/mobisummer/emp/conversion/processor/converter/ae/AeSpuConverter.java" timestamp="1558693093574">
        <mark key="[" line="32" column="34" />
        <mark key="]" line="32" column="35" />
        <mark key="." line="32" column="35" />
        <mark key="^" line="32" column="35" />
      </file>
      <file name="$USER_HOME$/tec-do/dts-plugin-abot/dts-abot/src/main/java/com/mobisummer/emp/conversion/utils/ClassNameUtil.java" timestamp="1558681516886">
        <mark key="[" line="17" column="28" />
        <mark key="]" line="162" column="2" />
        <mark key="^" line="162" column="2" />
        <mark key="." line="162" column="2" />
      </file>
      <file name="$USER_HOME$/tec-do/dts-plugin-abot/dts-abot/src/test/java/com/mobisummer/emp/conversion/converter/AeSkuConverterTest.java" timestamp="1558666623249">
        <mark key="[" line="41" column="23" />
        <mark key="]" line="41" column="46" />
        <mark key="." line="41" column="46" />
        <mark key="^" line="41" column="46" />
      </file>
      <file name="$USER_HOME$/tec-do/dts-plugin-abot/dts-abot/src/main/java/com/mobisummer/emp/conversion/processor/handler/BaseProcessHandler.java" timestamp="1558678014083">
        <mark key="[" line="77" column="32" />
        <mark key="]" line="77" column="32" />
        <mark key="." line="77" column="32" />
        <mark key="^" line="77" column="11" />
      </file>
      <file name="$USER_HOME$/tec-do/abot-task/shopee/shopee_id_config.json" timestamp="1562673432759">
        <mark key="'" line="53" column="25" />
        <mark key="[" line="43" column="39" />
        <mark key="]" line="43" column="38" />
        <mark key="." line="43" column="38" />
        <mark key="^" line="43" column="38" />
      </file>
      <file name="$USER_HOME$/tec-do/abot-task/ali1688/rerun/rerun_1688.py" timestamp="1562725748655">
        <mark key="[" line="108" column="0" />
        <mark key="]" line="109" column="15" />
        <mark key="^" line="109" column="15" />
        <mark key="." line="109" column="15" />
      </file>
      <file name="$USER_HOME$/tec-do/abot-task/shopee/prod/shopee_job_flow.json" timestamp="1561531113047">
        <mark key="[" line="30" column="34" />
        <mark key="]" line="30" column="35" />
        <mark key="^" line="30" column="35" />
        <mark key="." line="30" column="35" />
      </file>
      <file name="$USER_HOME$/tec-do/dts-plugin-abot/dts-abot/src/main/java/com/mobisummer/emp/conversion/processor/converter/lzd/LzdCommentConverter.java" timestamp="1559114044765">
        <mark key="[" line="30" column="10" />
        <mark key="]" line="30" column="36" />
        <mark key="." line="30" column="36" />
        <mark key="^" line="30" column="36" />
      </file>
      <file name="$USER_HOME$/tec-do/abot-task/ali1688/category/count_category.py" timestamp="1562732153883">
        <mark key="[" line="23" column="0" />
        <mark key="]" line="23" column="0" />
        <mark key="." line="23" column="0" />
        <mark key="^" line="24" column="8" />
      </file>
      <file name="$USER_HOME$/tec-do/config/dts-plugin-abot/dts-abot/test_jerry/BOOT-INF/classes/application.properties" timestamp="1559198816311">
        <mark key="[" line="9" column="69" />
        <mark key="]" line="13" column="67" />
        <mark key="." line="13" column="67" />
        <mark key="^" line="13" column="67" />
      </file>
      <file name="/dummy.sql" timestamp="1560251555279">
        <mark key="[" line="0" column="0" />
      </file>
      <file name="/Dummy.txt" timestamp="1562745008756">
        <mark key="[" line="0" column="0" />
      </file>
      <file name="$USER_HOME$/tec-do/dts-plugin-abot/dts-abot/src/main/java/com/mobisummer/emp/conversion/processor/handler/AeSpuProcessHandler.java" timestamp="1558946817726">
        <mark key="[" line="95" column="0" />
        <mark key="]" line="95" column="0" />
        <mark key="^" line="81" column="44" />
        <mark key="." line="95" column="0" />
      </file>
      <file name="$USER_HOME$/tec-do/dts-plugin-abot/dts-abot/src/main/java/com/mobisummer/emp/conversion/processor/handler/ProcessHandler.java" timestamp="1560392144751">
        <mark key="'" line="300" column="18" />
        <mark key="[" line="73" column="60" />
        <mark key="]" line="73" column="60" />
        <mark key="^" line="73" column="75" />
        <mark key="." line="73" column="60" />
      </file>
      <file name="$USER_HOME$/tec-do/abot-slave/slave/src/main/java/com/mobisummer/abot/slave/dao/ParamsRepository.java" timestamp="1560480858034">
        <mark key="[" line="23" column="57" />
        <mark key="]" line="24" column="40" />
        <mark key="^" line="24" column="40" />
        <mark key="." line="24" column="40" />
      </file>
      <file name="$USER_HOME$/tec-do/dts-plugin-abot/dts-abot/src/main/java/com/mobisummer/emp/conversion/entity/PmResponse.java" timestamp="1559097686894">
        <mark key="[" line="10" column="24" />
        <mark key="]" line="11" column="1" />
        <mark key="." line="11" column="1" />
        <mark key="^" line="11" column="1" />
      </file>
      <file name="$USER_HOME$/tec-do/abot-master/master/src/main/java/com/mobisummer/abot/master/contant/TopicConst.java" timestamp="1560394428244">
        <mark key="[" line="7" column="53" />
        <mark key="]" line="7" column="53" />
        <mark key="^" line="7" column="53" />
        <mark key="." line="7" column="53" />
      </file>
      <file name="$USER_HOME$/tec-do/dts-plugin-abot/dts-abot/src/main/java/com/mobisummer/emp/conversion/processor/converter/base/SpuConverter.java" timestamp="1560335912968">
        <mark key="'" line="140" column="83" />
        <mark key="[" line="20" column="0" />
        <mark key="]" line="20" column="0" />
        <mark key="^" line="502" column="33" />
        <mark key="." line="20" column="0" />
      </file>
      <file name="$USER_HOME$/tec-do/dts-plugin-abot/dts-abot/src/main/java/com/mobisummer/emp/conversion/entity/GatewayResponse.java" timestamp="1559120289534">
        <mark key="[" line="7" column="31" />
        <mark key="]" line="8" column="1" />
        <mark key="." line="8" column="1" />
        <mark key="^" line="8" column="1" />
      </file>
      <file name="$USER_HOME$/tec-do/abot-task/adsl/a.js" timestamp="1562746021465">
        <mark key="[" line="0" column="9" />
        <mark key="]" line="1" column="18" />
        <mark key="^" line="1" column="18" />
        <mark key="." line="1" column="18" />
      </file>
      <file name="$USER_HOME$/tec-do/dts-plugin-abot/dts-abot/src/main/java/com/mobisummer/emp/conversion/entity/Spu.java" timestamp="1558496699458">
        <mark key="'" line="37" column="16" />
        <mark key="[" line="33" column="12" />
        <mark key="]" line="33" column="19" />
        <mark key="." line="33" column="19" />
        <mark key="^" line="33" column="19" />
      </file>
      <file name="$USER_HOME$/tec-do/frame/boot/ae_404/handle_ae_404_status.py" timestamp="1562222556579">
        <mark key="[" line="30" column="108" />
        <mark key="]" line="30" column="106" />
        <mark key="^" line="30" column="106" />
        <mark key="." line="30" column="106" />
      </file>
      <file name="$USER_HOME$/tec-do/abot-task/shopee/shopee_config.json" timestamp="1561543194672">
        <mark key="'" line="15" column="14" />
        <mark key="[" line="93" column="0" />
        <mark key="]" line="93" column="0" />
        <mark key="." line="93" column="0" />
      </file>
      <file name="$USER_HOME$/tec-do/dts-plugin-abot/dts-abot/src/main/java/com/mobisummer/emp/conversion/utils/ConversionUtil.java" timestamp="1560396104305">
        <mark key="'" line="181" column="29" />
        <mark key="[" line="181" column="16" />
        <mark key="]" line="181" column="82" />
        <mark key="." line="181" column="82" />
        <mark key="^" line="181" column="82" />
      </file>
      <file name="$USER_HOME$/tec-do/abot-slave/slave/src/main/java/com/mobisummer/abot/slave/dao/ParamsRepositoryRemoteImpl.java" timestamp="1559642456337">
        <mark key="[" line="30" column="33" />
        <mark key="]" line="30" column="33" />
        <mark key="^" line="30" column="33" />
        <mark key="." line="30" column="33" />
      </file>
      <file name="/fragment.java" timestamp="1560493061075">
        <mark key="[" line="0" column="0" />
      </file>
    </filemarks>
    <jumps>
      <jump line="304" column="14" filename="$USER_HOME$/tec-do/abot-task/shopee/prod/shopee_magic.json" />
      <jump line="376" column="38" filename="$USER_HOME$/tec-do/abot-task/shopee/prod/shopee_magic.json" />
      <jump line="407" column="31" filename="$USER_HOME$/tec-do/abot-task/shopee/prod/shopee_magic.json" />
      <jump line="420" column="14" filename="$USER_HOME$/tec-do/abot-task/shopee/prod/shopee_magic.json" />
      <jump line="449" column="25" filename="$USER_HOME$/tec-do/abot-task/shopee/prod/shopee_magic.json" />
      <jump line="20" column="5" filename="$USER_HOME$/tec-do/abot-task/shopee/prod/shopee_magic.json" />
      <jump line="173" column="28" filename="$USER_HOME$/tec-do/abot-task/shopee/prod/shopee_magic.json" />
      <jump line="326" column="42" filename="$USER_HOME$/tec-do/abot-task/shopee/prod/shopee_magic.json" />
      <jump line="343" column="28" filename="$USER_HOME$/tec-do/abot-task/shopee/prod/shopee_magic.json" />
      <jump line="353" column="28" filename="$USER_HOME$/tec-do/abot-task/shopee/prod/shopee_magic.json" />
      <jump line="337" column="52" filename="$USER_HOME$/tec-do/abot-task/shopee/prod/shopee_magic.json" />
      <jump line="327" column="25" filename="$USER_HOME$/tec-do/abot-task/shopee/prod/shopee_magic.json" />
      <jump line="216" column="40" filename="$USER_HOME$/tec-do/abot-task/shopee/prod/shopee_magic.json" />
      <jump line="414" column="31" filename="$USER_HOME$/tec-do/abot-task/shopee/prod/shopee_magic.json" />
      <jump line="325" column="12" filename="$USER_HOME$/tec-do/abot-task/shopee/prod/shopee_magic.json" />
      <jump line="210" column="27" filename="$USER_HOME$/tec-do/abot-task/shopee/prod/shopee_magic.json" />
      <jump line="213" column="13" filename="$USER_HOME$/tec-do/abot-task/shopee/prod/shopee_magic.json" />
      <jump line="167" column="38" filename="$USER_HOME$/tec-do/abot-task/shopee/prod/shopee_magic.json" />
      <jump line="168" column="55" filename="$USER_HOME$/tec-do/abot-task/shopee/prod/shopee_magic.json" />
      <jump line="209" column="38" filename="$USER_HOME$/tec-do/abot-task/shopee/prod/shopee_magic.json" />
      <jump line="212" column="24" filename="$USER_HOME$/tec-do/abot-task/shopee/prod/shopee_magic.json" />
      <jump line="169" column="27" filename="$USER_HOME$/tec-do/abot-task/shopee/prod/shopee_magic.json" />
      <jump line="41" column="9" filename="$USER_HOME$/tec-do/abot-task/lazada/lazada_magic.json" />
      <jump line="118" column="24" filename="$USER_HOME$/tec-do/abot-task/lazada/lazada_magic.json" />
      <jump line="40" column="43" filename="$USER_HOME$/tec-do/abot-task/lazada/lazada_magic.json" />
      <jump line="53" column="32" filename="$USER_HOME$/tec-do/abot-task/lazada/lazada_magic.json" />
      <jump line="54" column="24" filename="$USER_HOME$/tec-do/abot-task/lazada/lazada_magic.json" />
      <jump line="117" column="31" filename="$USER_HOME$/tec-do/abot-task/lazada/lazada_magic.json" />
      <jump line="235" column="13" filename="$USER_HOME$/tec-do/abot-task/shopee/prod/shopee_magic.json" />
      <jump line="450" column="43" filename="$USER_HOME$/tec-do/abot-task/shopee/prod/shopee_magic.json" />
      <jump line="361" column="13" filename="$USER_HOME$/tec-do/abot-task/shopee/prod/shopee_magic.json" />
      <jump line="221" column="40" filename="$USER_HOME$/tec-do/abot-task/shopee/prod/shopee_magic.json" />
      <jump line="316" column="31" filename="$USER_HOME$/tec-do/abot-task/shopee/prod/shopee_magic.json" />
      <jump line="378" column="14" filename="$USER_HOME$/tec-do/abot-task/shopee/prod/shopee_magic.json" />
      <jump line="270" column="41" filename="$USER_HOME$/tec-do/abot-task/shopee/prod/shopee_magic.json" />
      <jump line="331" column="27" filename="$USER_HOME$/tec-do/abot-task/shopee/prod/shopee_magic.json" />
      <jump line="384" column="49" filename="$USER_HOME$/tec-do/abot-task/shopee/prod/shopee_magic.json" />
      <jump line="437" column="45" filename="$USER_HOME$/tec-do/abot-task/shopee/prod/shopee_magic.json" />
      <jump line="10" column="43" filename="$USER_HOME$/tec-do/abot-task/shopee/prod/shopee_magic.json" />
      <jump line="344" column="12" filename="$USER_HOME$/tec-do/abot-task/shopee/prod/shopee_magic.json" />
      <jump line="410" column="12" filename="$USER_HOME$/tec-do/abot-task/shopee/prod/shopee_magic.json" />
      <jump line="254" column="33" filename="$USER_HOME$/tec-do/abot-task/shopee/prod/shopee_magic.json" />
      <jump line="489" column="28" filename="$USER_HOME$/tec-do/abot-task/shopee/prod/shopee_magic.json" />
      <jump line="347" column="33" filename="$USER_HOME$/tec-do/abot-task/shopee/prod/shopee_magic.json" />
      <jump line="4" column="27" filename="$USER_HOME$/tec-do/abot-task/shopee/prod/shopee_magic.json" />
      <jump line="23" column="26" filename="$USER_HOME$/tec-do/abot-task/shopee/prod/shopee_magic.json" />
      <jump line="226" column="41" filename="$USER_HOME$/tec-do/abot-task/shopee/prod/shopee_magic.json" />
      <jump line="253" column="34" filename="$USER_HOME$/tec-do/abot-task/shopee/prod/shopee_magic.json" />
      <jump line="399" column="34" filename="$USER_HOME$/tec-do/abot-task/shopee/prod/shopee_magic.json" />
      <jump line="29" column="19" filename="$USER_HOME$/tec-do/abot-task/shopee/prod/shopee_magic.json" />
      <jump line="34" column="30" filename="$USER_HOME$/tec-do/abot-task/shopee/prod/shopee_magic.json" />
      <jump line="206" column="12" filename="$USER_HOME$/tec-do/abot-task/shopee/prod/shopee_magic.json" />
      <jump line="119" column="29" filename="$USER_HOME$/tec-do/abot-task/shopee/prod/shopee_magic.json" />
      <jump line="124" column="29" filename="$USER_HOME$/tec-do/abot-task/shopee/prod/shopee_magic.json" />
      <jump line="129" column="29" filename="$USER_HOME$/tec-do/abot-task/shopee/prod/shopee_magic.json" />
      <jump line="126" column="13" filename="$USER_HOME$/tec-do/abot-task/ali1688/1688_config.json" />
      <jump line="182" column="11" filename="$USER_HOME$/tec-do/abot-task/ali1688/1688_config.json" />
      <jump line="484" column="30" filename="$USER_HOME$/tec-do/abot-task/shopee/shopee_config.json" />
      <jump line="7" column="31" filename="$USER_HOME$/tec-do/abot-task/shopee/shopee_config.json" />
      <jump line="10" column="35" filename="$USER_HOME$/tec-do/abot-task/shopee/shopee_config.json" />
      <jump line="13" column="39" filename="$USER_HOME$/tec-do/abot-task/shopee/shopee_config.json" />
      <jump line="24" column="22" filename="$USER_HOME$/tec-do/abot-task/shopee/shopee_config.json" />
      <jump line="38" column="24" filename="$USER_HOME$/tec-do/abot-task/shopee/shopee_config.json" />
      <jump line="483" column="23" filename="$USER_HOME$/tec-do/abot-task/shopee/shopee_config.json" />
      <jump line="36" column="36" filename="$USER_HOME$/tec-do/abot-task/shopee/shopee_config.json" />
      <jump line="15" column="14" filename="$USER_HOME$/tec-do/abot-task/shopee/shopee_config.json" />
      <jump line="163" column="12" filename="$USER_HOME$/tec-do/abot-task/shopee/shopee_id_config.json" />
      <jump line="364" column="0" filename="$USER_HOME$/tec-do/abot-task/shopee/shopee_id_config.json" />
      <jump line="221" column="0" filename="$USER_HOME$/tec-do/abot-task/shopee/shopee_id_config.json" />
      <jump line="365" column="0" filename="$USER_HOME$/tec-do/abot-task/shopee/shopee_id_config.json" />
      <jump line="374" column="0" filename="$USER_HOME$/tec-do/abot-task/shopee/shopee_id_config.json" />
      <jump line="29" column="19" filename="$USER_HOME$/tec-do/abot-task/shopee/shopee_id_config.json" />
      <jump line="58" column="19" filename="$USER_HOME$/tec-do/abot-task/shopee/shopee_id_config.json" />
      <jump line="187" column="0" filename="$USER_HOME$/tec-do/abot-task/shopee/shopee_id_config.json" />
      <jump line="368" column="12" filename="$USER_HOME$/tec-do/abot-task/shopee/shopee_id_config.json" />
      <jump line="196" column="12" filename="$USER_HOME$/tec-do/abot-task/shopee/shopee_id_config.json" />
      <jump line="376" column="14" filename="$USER_HOME$/tec-do/abot-task/shopee/shopee_id_config.json" />
      <jump line="92" column="26" filename="$USER_HOME$/tec-do/abot-task/shopee/shopee_id_config.json" />
      <jump line="330" column="14" filename="$USER_HOME$/tec-do/abot-task/shopee/shopee_id_config.json" />
      <jump line="198" column="13" filename="$USER_HOME$/tec-do/abot-task/shopee/shopee_id_config.json" />
      <jump line="194" column="12" filename="$USER_HOME$/tec-do/abot-task/shopee/shopee_id_config.json" />
      <jump line="168" column="24" filename="$USER_HOME$/tec-do/abot-task/shopee/shopee_id_config.json" />
      <jump line="268" column="31" filename="$USER_HOME$/tec-do/abot-task/shopee/shopee_id_config.json" />
      <jump line="335" column="13" filename="$USER_HOME$/tec-do/abot-task/shopee/shopee_id_config.json" />
      <jump line="172" column="38" filename="$USER_HOME$/tec-do/abot-task/shopee/shopee_id_config.json" />
      <jump line="306" column="22" filename="$USER_HOME$/tec-do/abot-task/shopee/shopee_id_config.json" />
      <jump line="401" column="15" filename="$USER_HOME$/tec-do/abot-task/shopee/shopee_id_config.json" />
      <jump line="360" column="13" filename="$USER_HOME$/tec-do/abot-task/shopee/shopee_id_config.json" />
      <jump line="210" column="13" filename="$USER_HOME$/tec-do/abot-task/shopee/shopee_id_config.json" />
      <jump line="479" column="15" filename="$USER_HOME$/tec-do/abot-task/shopee/shopee_id_config.json" />
      <jump line="243" column="13" filename="$USER_HOME$/tec-do/abot-task/shopee/shopee_id_config.json" />
      <jump line="136" column="13" filename="$USER_HOME$/tec-do/abot-task/ali1688/1688_config.json" />
      <jump line="219" column="35" filename="$USER_HOME$/tec-do/abot-task/shopee/shopee_id_config.json" />
      <jump line="220" column="33" filename="$USER_HOME$/tec-do/abot-task/shopee/shopee_id_config.json" />
      <jump line="349" column="31" filename="$USER_HOME$/tec-do/abot-task/shopee/shopee_id_config.json" />
      <jump line="430" column="37" filename="$USER_HOME$/tec-do/abot-task/shopee/shopee_id_config.json" />
      <jump line="494" column="27" filename="$USER_HOME$/tec-do/abot-task/shopee/shopee_id_config.json" />
      <jump line="24" column="29" filename="$USER_HOME$/tec-do/abot-task/shopee/shopee_id_config.json" />
      <jump line="43" column="31" filename="$USER_HOME$/tec-do/abot-task/shopee/shopee_id_config.json" />
      <jump line="53" column="25" filename="$USER_HOME$/tec-do/abot-task/shopee/shopee_id_config.json" />
    </jumps>
    <registers>
      <register name="&quot;" type="2">
        <text encoding="base64">ICAgIHJldHVybiBsb2dnaW5nCg==</text>
      </register>
      <register name="-" type="4">
        <text />
      </register>
      <register name="/" type="4">
        <text>List</text>
      </register>
      <register name="0" type="2">
        <text encoding="base64">ICAgICAgICBsb2coJ+S4remXtOeKtuaAgeaWh+S7tm5vdy5qc29u5bey5Yig6ZmkJykK</text>
      </register>
      <register name="1" type="2">
        <text encoding="base64">ICAgIHJldHVybiBsb2dnaW5nCg==</text>
      </register>
      <register name="2" type="4">
        <text>log = log()
log.info()</text>
      </register>
      <register name="3" type="2">
        <text encoding="base64">ICAgIAo=</text>
      </register>
      <register name="4" type="2">
        <text encoding="base64">ICAgICAgICAgICAgCg==</text>
      </register>
      <register name="5" type="2">
        <text encoding="base64">ICAgICAgICBjbGllbnRfc29ja2V0Lgo=</text>
      </register>
      <register name="6" type="2">
        <text encoding="base64">Cg==</text>
      </register>
      <register name="7" type="2">
        <text encoding="base64">ICAgICAgICBsb2coJ3NlcnZlciBzdGFydHVwIHN1Y2Nlc3MnKQo=</text>
      </register>
      <register name="8" type="2">
        <text encoding="base64">Cg==</text>
      </register>
      <register name="9" type="2">
        <text encoding="base64">Cg==</text>
      </register>
      <register name=":" type="4">
        <text>vs</text>
      </register>
    </registers>
    <search>
      <last-search>List</last-search>
      <last-offset />
      <last-pattern>List</last-pattern>
      <last-replace>maxChars</last-replace>
      <last-substitute encoding="base64">XDxqb2JGbG93RGV0YWlsXD4=</last-substitute>
      <last-dir>1</last-dir>
      <show-last>false</show-last>
    </search>
    <history>
      <history-search>
        <entry>prori</entry>
        <entry>pri</entry>
        <entry>videoInfoList</entry>
        <entry>object</entry>
        <entry>country</entry>
        <entry>coinInfo</entry>
        <entry>tierVariations</entry>
        <entry>wholesaleTierList</entry>
        <entry>json_object_strict</entry>
        <entry>when</entry>
        <entry>bundleDealInfo</entry>
        <entry>coinEarnLabel</entry>
        <entry>discount</entry>
        <entry>flashSale</entry>
        <entry>groupBuyInfo</entry>
        <entry>hiddenPriceDisplay</entry>
        <entry>installmentPlans</entry>
        <entry>addOnDealInfo</entry>
        <entry>loop</entry>
        <entry>List</entry>
      </history-search>
      <history-cmd>
        <entry>wq</entry>
        <entry>1,$ s/maxchars/maxChars/g</entry>
        <entry>w</entry>
        <entry>sv</entry>
        <entry>vs</entry>
      </history-cmd>
      <history-expr />
      <history-input />
    </history>
    <shortcut-conflicts>
      <shortcut-conflict owner="vim">
        <text>ctrl pressed M</text>
      </shortcut-conflict>
    </shortcut-conflicts>
    <editor>
      <key-repeat enabled="true" />
    </editor>
  </component>
</application>