<application>
  <component name="AppStorage">
    <histories>
      <item value="Invalid number of arguments, expected 1" />
      <item value="schema" />
      <item value="quote" />
      <item value="quotes" />
      <item value="整理" />
      <item value="nodename nor servname provided, or not known" />
      <item value="provided" />
      <item value="Expected type 'bytes', got 'str' instead" />
      <item value="indent" />
      <item value="not readable" />
      <item value="add on deal info" />
      <item value="coin earn label" />
      <item value="brand" />
      <item value="upcoming flash sale" />
      <item value="cmt count" />
      <item value="raw discount&quot;" />
      <item value="slash lowest price" />
      <item value="slash" />
      <item value="schemes" />
    </histories>
    <option name="languageScores">
      <map>
        <entry key="CHINESE" value="12" />
        <entry key="ENGLISH" value="12" />
      </map>
    </option>
  </component>
  <component name="Settings">
    <option name="ignoreRegExp" value="" />
  </component>
</application>