<application>
  <component name="TipsStore">
    <option name="globalFirstStartUp" value="false" />
    <entry projectName="$USER_HOME$/Desktop/leetcode" firstStartUp="false" />
    <entry projectName="$USER_HOME$/Desktop/log-collection-server" firstStartUp="false" />
    <entry projectName="$USER_HOME$/Desktop/log-spring-boot-starter" firstStartUp="false" />
    <entry projectName="$USER_HOME$/Desktop/test-blue-api" firstStartUp="false" />
    <entry projectName="$USER_HOME$/Desktop/test-blue-server" firstStartUp="false" />
    <entry projectName="$USER_HOME$/Desktop/test-min-app-gateway" firstStartUp="false" />
    <entry projectName="$USER_HOME$/gqt/gqt" firstStartUp="false" />
    <entry projectName="$USER_HOME$/jianzhimao/company-server" firstStartUp="false" />
    <entry projectName="$USER_HOME$/jianzhimao/log-collection-server" firstStartUp="false" />
    <entry projectName="$USER_HOME$/jianzhimao/log-spring-boot-starter" firstStartUp="false" />
    <entry projectName="$USER_HOME$/jianzhimao/old/backstage-crm-integration" firstStartUp="false" />
    <entry projectName="$USER_HOME$/jianzhimao/old/jzmaoCompany" firstStartUp="false" />
    <entry projectName="$USER_HOME$/jianzhimao/old/jzmao_web" firstStartUp="false" />
    <entry projectName="$USER_HOME$/jianzhimao/rms-site-gateway" firstStartUp="false" />
  </component>
</application>