<application>
  <component name="dataSourceStorage" format="xml" multifile-model="true">
    <data-source source="LOCAL" name="jsfk-test" uuid="a799b565-3adb-4bd8-ab6b-9ff896ed04fe">
      <driver-ref>mysql.8</driver-ref>
      <synchronize>true</synchronize>
      <configured-by-url>true</configured-by-url>
      <jdbc-driver>com.mysql.cj.jdbc.Driver</jdbc-driver>
      <jdbc-url>jdbc:mysql://rm-8vbqy57z9d7h652a9.mysql.zhangbei.rds.aliyuncs.com/vistel_myopia_pac_business_test?useUnicode=true&amp;characterEncoding=utf8&amp;autoReconnect=true&amp;useSSL=false&amp;serverTimezone=GMT%2B8</jdbc-url>
    </data-source>
    <data-source source="LOCAL" name="jsfk-stag" uuid="158afee0-7466-453b-84a8-7ad463861abe">
      <driver-ref>mysql.8</driver-ref>
      <synchronize>true</synchronize>
      <configured-by-url>true</configured-by-url>
      <jdbc-driver>com.mysql.cj.jdbc.Driver</jdbc-driver>
      <jdbc-url>jdbc:mysql://rm-8vbqy57z9d7h652a9.mysql.zhangbei.rds.aliyuncs.com/vistel_myopia_pac_business_staging?useUnicode=true&amp;characterEncoding=utf8&amp;autoReconnect=true&amp;useSSL=false&amp;serverTimezone=GMT%2B8</jdbc-url>
    </data-source>
    <data-source source="LOCAL" name="@42.193.251.151" uuid="f654000f-bd29-4efa-aed8-69072411beb9">
      <driver-ref>mysql.8</driver-ref>
      <synchronize>true</synchronize>
      <configured-by-url>true</configured-by-url>
      <jdbc-driver>com.mysql.cj.jdbc.Driver</jdbc-driver>
      <jdbc-url>jdbc:mysql://42.193.251.151:33061/</jdbc-url>
    </data-source>
    <data-source source="LOCAL" name="jdbc:mysql://rm-8vbqy57z9d7h652a9.mysql.zhangbei.rds.aliyuncs.com:3306/vistel_eyewisdom_staging?useUnicode=true&amp;characterEncoding=utf8&amp;autoReconnect=true&amp;useSSL=false&amp;serverTimezone=GMT%2B8" uuid="1d9a146f-93ef-4bcb-be33-26c227e0c873">
      <driver-ref>mysql.8</driver-ref>
      <synchronize>true</synchronize>
      <configured-by-url>true</configured-by-url>
      <jdbc-driver>com.mysql.cj.jdbc.Driver</jdbc-driver>
      <jdbc-url>jdbc:mysql://rm-8vbqy57z9d7h652a9.mysql.zhangbei.rds.aliyuncs.com:3306/vistel_eyewisdom_staging?useUnicode=true&amp;characterEncoding=utf8&amp;autoReconnect=true&amp;useSSL=false&amp;serverTimezone=GMT%2B8</jdbc-url>
    </data-source>
  </component>
</application>