<application>
  <component name="dataSourceStorage" format="xml" multifile-model="true">
    <data-source source="LOCAL" name="jdbc:mysql://10.0.50.98:3306/jzmao?serverTimezone=Asia/Shanghai&amp;useUnicode=true&amp;characterEncoding=utf-8&amp;relaxAutoCommit=true&amp;zeroDateTimeBehavior=convertToNull" uuid="6a67a779-af8c-455a-8462-dc9ca1bf841e">
      <driver-ref>mysql.8</driver-ref>
      <synchronize>true</synchronize>
      <configured-by-url>true</configured-by-url>
      <jdbc-driver>com.mysql.jdbc.Driver</jdbc-driver>
      <jdbc-url>jdbc:mysql://10.0.50.98:3306/jzmao?serverTimezone=Asia/Shanghai&amp;useUnicode=true&amp;characterEncoding=utf-8&amp;relaxAutoCommit=true&amp;zeroDateTimeBehavior=convertToNull</jdbc-url>
    </data-source>
    <data-source source="LOCAL" name="jdbc:mysql://10.0.50.66:3306/jzmao?serverTimezone=Asia/Shanghai&amp;useUnicode=true&amp;characterEncoding=utf-8&amp;relaxAutoCommit=true&amp;zeroDateTimeBehavior=convertToNull" uuid="187820dc-50bd-4b95-a43f-712f7127cf28">
      <driver-ref>mysql.8</driver-ref>
      <synchronize>true</synchronize>
      <jdbc-driver>com.mysql.jdbc.Driver</jdbc-driver>
      <jdbc-url>jdbc:mysql://10.0.50.66:3306/jzmao?serverTimezone=Asia/Shanghai&amp;useUnicode=true&amp;characterEncoding=utf-8&amp;relaxAutoCommit=true&amp;zeroDateTimeBehavior=convertToNull</jdbc-url>
    </data-source>
    <data-source source="LOCAL" name="jdbc:mysql://10.0.50.210:3306/jzmao?serverTimezone=Asia/Shanghai&amp;useUnicode=true&amp;characterEncoding=utf-8&amp;relaxAutoCommit=true&amp;zeroDateTimeBehavior=convertToNull" uuid="5e73624c-f9cc-4bf6-8706-b8c3947cbdc8">
      <driver-ref>mysql.8</driver-ref>
      <synchronize>true</synchronize>
      <configured-by-url>true</configured-by-url>
      <jdbc-driver>com.mysql.jdbc.Driver</jdbc-driver>
      <jdbc-url>jdbc:mysql://10.0.50.210:3306/jzmao?serverTimezone=Asia/Shanghai&amp;useUnicode=true&amp;characterEncoding=utf-8&amp;relaxAutoCommit=true&amp;zeroDateTimeBehavior=convertToNull</jdbc-url>
    </data-source>
    <data-source source="LOCAL" name="jdbc:mysql://10.0.50.98:3306/jzm_rms?serverTimezone=Asia/Shanghai&amp;useUnicode=true&amp;characterEncoding=utf-8&amp;relaxAutoCommit=true&amp;zeroDateTimeBehavior=convertToNull" uuid="771c1ed8-331b-4b27-a692-a2f504bcffdf">
      <driver-ref>mysql.8</driver-ref>
      <synchronize>true</synchronize>
      <jdbc-driver>com.mysql.jdbc.Driver</jdbc-driver>
      <jdbc-url>jdbc:mysql://10.0.50.98:3306/jzm_rms?serverTimezone=Asia/Shanghai&amp;useUnicode=true&amp;characterEncoding=utf-8&amp;relaxAutoCommit=true&amp;zeroDateTimeBehavior=convertToNull</jdbc-url>
    </data-source>
  </component>
</application>