<application>
  <component name="ParameterNameHintsSettings">
    <blacklists>
      <blacklist language="JavaScript">
        <added pattern="$(html,ownerDocument_attributes)" />
        <added pattern="req(param,success,error)" />
        <added pattern="JQueryStatic.ajax(url,settings)" />
        <added pattern="JQuery.trigger(eventType_event,extraParameters)" />
        <added pattern="JQuery.on(events,handler)" />
        <added pattern="Storage.getItem(key)" />
        <added pattern="String.replace(searchValue,replaceValue)" />
        <added pattern="func(b)" />
        <added pattern="String.split(separator,limit)" />
      </blacklist>
    </blacklists>
    <disabledLanguages>
      <language id="JAVA" />
    </disabledLanguages>
  </component>
</application>