<application>
  <component name="VimSettings">
    <state version="4" enabled="true" />
    <globalmarks />
    <filemarks>
      <file name="$USER_HOME$/tec-do/abot-slave/slave/src/main/java/com/mobisummer/abot/slave/lwmf/LwmfMessageHandler.java" timestamp="1562742450317">
        <mark key="[" line="80" column="50" />
        <mark key="]" line="80" column="57" />
        <mark key="." line="80" column="57" />
        <mark key="^" line="80" column="57" />
      </file>
      <file name="$USER_HOME$/tec-do/abot-slave/slave/src/main/java/com/mobisummer/abot/slave/exception/StopJobException.java" timestamp="1562742872676">
        <mark key="[" line="14" column="10" />
        <mark key="]" line="14" column="24" />
        <mark key="^" line="14" column="24" />
        <mark key="." line="14" column="24" />
      </file>
      <file name="$USER_HOME$/tec-do/abot-slave/slave/src/main/java/com/mobisummer/abot/slave/service/LifeCycleManager.java" timestamp="1562742015638">
        <mark key="[" line="90" column="34" />
        <mark key="]" line="90" column="51" />
        <mark key="." line="90" column="51" />
        <mark key="^" line="90" column="51" />
      </file>
      <file name="$USER_HOME$/tec-do/abot-slave/slave/src/main/java/com/mobisummer/abot/slave/exception/HandleSlaveJobEventException.java" timestamp="1562743212201">
        <mark key="[" line="6" column="13" />
        <mark key="]" line="6" column="14" />
        <mark key="^" line="6" column="14" />
        <mark key="." line="6" column="14" />
      </file>
      <file name="$USER_HOME$/tec-do/abot-slave/slave/src/main/java/com/mobisummer/abot/slave/exception/PageDownloadException.java" timestamp="1562739465036">
        <mark key="[" line="8" column="43" />
        <mark key="]" line="8" column="59" />
        <mark key="." line="8" column="59" />
        <mark key="^" line="8" column="59" />
      </file>
      <file name="$USER_HOME$/tec-do/abot-slave/slave/src/main/java/com/mobisummer/abot/slave/exception/SlaveJobException.java" timestamp="1562743181791">
        <mark key="[" line="8" column="27" />
        <mark key="]" line="8" column="31" />
        <mark key="^" line="8" column="31" />
        <mark key="." line="8" column="31" />
      </file>
      <file name="$USER_HOME$/tec-do/abot-slave/slave/src/main/java/com/mobisummer/abot/slave/service/CrawlTaskManager.java" timestamp="1562743370137">
        <mark key="[" line="31" column="0" />
        <mark key="]" line="31" column="0" />
        <mark key="." line="31" column="0" />
        <mark key="^" line="199" column="45" />
      </file>
      <file name="$USER_HOME$/tec-do/abot-console/console/src/main/java/com/mobisummer/abot/console/dao/mongo/impl/UpstreamRepositoryMongoImpl.java" timestamp="1562728255737">
        <mark key="[" line="42" column="55" />
        <mark key="]" line="42" column="54" />
        <mark key="^" line="42" column="54" />
        <mark key="." line="42" column="54" />
      </file>
      <file name="$USER_HOME$/tec-do/abot-slave/slave/src/main/java/com/mobisummer/abot/slave/crawl/CustomPipeline.java" timestamp="1562740083975">
        <mark key="[" line="209" column="56" />
        <mark key="]" line="209" column="81" />
        <mark key="." line="209" column="81" />
        <mark key="^" line="209" column="81" />
      </file>
      <file name="$USER_HOME$/tec-do/abot-slave/slave/src/main/java/com/mobisummer/abot/slave/crawl/Spider.java" timestamp="1562740581426">
        <mark key="[" line="531" column="6" />
        <mark key="]" line="531" column="22" />
        <mark key="." line="531" column="22" />
        <mark key="^" line="531" column="22" />
      </file>
      <file name="$USER_HOME$/tec-do/abot-slave/slave/src/main/java/com/mobisummer/abot/slave/exception/ConvertDataException.java" timestamp="1562742061921" />
      <file name="$USER_HOME$/tec-do/abot-slave/slave/src/main/java/com/mobisummer/abot/slave/exception/SlaveJobEventException.java" timestamp="1562743239123">
        <mark key="[" line="9" column="0" />
        <mark key="]" line="9" column="0" />
        <mark key="." line="9" column="0" />
      </file>
      <file name="$USER_HOME$/tec-do/abot-slave/slave/src/main/java/com/mobisummer/abot/slave/exception/NotExistProxyException.java" timestamp="1562741698166">
        <mark key="[" line="8" column="44" />
        <mark key="]" line="8" column="60" />
        <mark key="." line="8" column="60" />
        <mark key="^" line="8" column="60" />
      </file>
      <file name="$USER_HOME$/tec-do/abot-slave/slave/src/main/java/com/mobisummer/abot/slave/exception/JobIdIsNullOrEmptyException.java" timestamp="1562740037896" />
      <file name="$USER_HOME$/tec-do/abot-slave/slave/src/main/java/com/mobisummer/abot/slave/exception/JobLegacyException.java" timestamp="1562740921051">
        <mark key="[" line="8" column="10" />
        <mark key="]" line="8" column="16" />
        <mark key="." line="8" column="16" />
        <mark key="^" line="8" column="16" />
      </file>
      <file name="$USER_HOME$/tec-do/abot-slave/slave/src/main/java/com/mobisummer/abot/slave/crawl/CustomRedisScheduler.java" timestamp="1562740175011">
        <mark key="[" line="74" column="39" />
        <mark key="]" line="74" column="40" />
        <mark key="." line="74" column="40" />
        <mark key="^" line="74" column="52" />
      </file>
      <file name="$USER_HOME$/tec-do/abot-slave/slave/src/main/java/com/mobisummer/abot/slave/exception/PageProcessException.java" timestamp="1562741706907">
        <mark key="[" line="8" column="42" />
        <mark key="]" line="8" column="57" />
        <mark key="." line="8" column="57" />
        <mark key="^" line="8" column="57" />
      </file>
      <file name="$USER_HOME$/tec-do/abot-slave/slave/src/main/java/com/mobisummer/abot/slave/util/SelectableUtil.java" timestamp="1562740239246">
        <mark key="[" line="107" column="12" />
        <mark key="]" line="107" column="31" />
        <mark key="." line="107" column="31" />
        <mark key="^" line="107" column="31" />
      </file>
      <file name="$USER_HOME$/tec-do/abot-slave/slave/src/main/java/com/mobisummer/abot/slave/exception/GetProxyException.java" timestamp="1562741690076">
        <mark key="[" line="8" column="39" />
        <mark key="]" line="8" column="55" />
        <mark key="." line="8" column="55" />
        <mark key="^" line="8" column="55" />
      </file>
      <file name="$USER_HOME$/tec-do/abot-slave/slave/src/main/java/com/mobisummer/abot/slave/crawl/HttpsClientDownloader.java" timestamp="1562739448273">
        <mark key="[" line="101" column="73" />
        <mark key="]" line="101" column="70" />
        <mark key="." line="101" column="70" />
        <mark key="^" line="101" column="70" />
      </file>
      <file name="$USER_HOME$/tec-do/abot-slave/slave/src/main/java/com/mobisummer/abot/slave/exception/LocateDataException.java" timestamp="1562732208675" />
      <file name="$USER_HOME$/tec-do/abot-slave/slave/src/main/java/com/mobisummer/abot/slave/exception/OperationParameterException.java" timestamp="1562739831717" />
      <file name="$USER_HOME$/tec-do/abot-console/console/src/main/java/com/mobisummer/abot/console/service/CommandService.java" timestamp="1562724471656">
        <mark key="[" line="19" column="69" />
        <mark key="]" line="20" column="26" />
        <mark key="^" line="20" column="26" />
        <mark key="." line="20" column="26" />
      </file>
    </filemarks>
    <jumps>
      <jump line="3164" column="15" filename="$USER_HOME$/.gradle/caches/modules-2/files-2.1/redis.clients/jedis/2.10.2/46683ebe2dc90e202e1eebc9e5cc17880953376a/jedis-2.10.2-sources.jar!/redis/clients/jedis/Jedis.java" />
      <jump line="3166" column="12" filename="$USER_HOME$/.gradle/caches/modules-2/files-2.1/redis.clients/jedis/2.10.2/46683ebe2dc90e202e1eebc9e5cc17880953376a/jedis-2.10.2-sources.jar!/redis/clients/jedis/Jedis.java" />
      <jump line="3184" column="5" filename="$USER_HOME$/.gradle/caches/modules-2/files-2.1/redis.clients/jedis/2.10.2/46683ebe2dc90e202e1eebc9e5cc17880953376a/jedis-2.10.2-sources.jar!/redis/clients/jedis/Jedis.java" />
      <jump line="146" column="24" filename="$USER_HOME$/.gradle/caches/modules-2/files-2.1/redis.clients/jedis/2.10.2/46683ebe2dc90e202e1eebc9e5cc17880953376a/jedis-2.10.2-sources.jar!/redis/clients/jedis/Jedis.java" />
      <jump line="147" column="17" filename="$USER_HOME$/.gradle/caches/modules-2/files-2.1/redis.clients/jedis/2.10.2/46683ebe2dc90e202e1eebc9e5cc17880953376a/jedis-2.10.2-sources.jar!/redis/clients/jedis/Jedis.java" />
      <jump line="163" column="24" filename="$USER_HOME$/.gradle/caches/modules-2/files-2.1/redis.clients/jedis/2.10.2/46683ebe2dc90e202e1eebc9e5cc17880953376a/jedis-2.10.2-sources.jar!/redis/clients/jedis/Jedis.java" />
      <jump line="164" column="17" filename="$USER_HOME$/.gradle/caches/modules-2/files-2.1/redis.clients/jedis/2.10.2/46683ebe2dc90e202e1eebc9e5cc17880953376a/jedis-2.10.2-sources.jar!/redis/clients/jedis/Jedis.java" />
      <jump line="1215" column="14" filename="$USER_HOME$/.gradle/caches/modules-2/files-2.1/redis.clients/jedis/2.10.2/46683ebe2dc90e202e1eebc9e5cc17880953376a/jedis-2.10.2-sources.jar!/redis/clients/jedis/Jedis.java" />
      <jump line="1217" column="11" filename="$USER_HOME$/.gradle/caches/modules-2/files-2.1/redis.clients/jedis/2.10.2/46683ebe2dc90e202e1eebc9e5cc17880953376a/jedis-2.10.2-sources.jar!/redis/clients/jedis/Jedis.java" />
      <jump line="208" column="22" filename="$USER_HOME$/tec-do/abot-slave/slave/src/main/java/com/mobisummer/abot/slave/crawl/CommonPageProcessor.java" />
      <jump line="223" column="23" filename="$USER_HOME$/tec-do/abot-slave/slave/src/main/java/com/mobisummer/abot/slave/storage/mongo/MongoStorage.java" />
      <jump line="224" column="38" filename="$USER_HOME$/tec-do/abot-slave/slave/src/main/java/com/mobisummer/abot/slave/storage/mongo/MongoStorage.java" />
      <jump line="229" column="16" filename="$USER_HOME$/tec-do/abot-slave/slave/src/main/java/com/mobisummer/abot/slave/storage/mongo/MongoStorage.java" />
      <jump line="230" column="43" filename="$USER_HOME$/tec-do/abot-slave/slave/src/main/java/com/mobisummer/abot/slave/storage/mongo/MongoStorage.java" />
      <jump line="233" column="31" filename="$USER_HOME$/tec-do/abot-slave/slave/src/main/java/com/mobisummer/abot/slave/storage/mongo/MongoStorage.java" />
      <jump line="243" column="29" filename="$USER_HOME$/tec-do/abot-slave/slave/src/main/java/com/mobisummer/abot/slave/storage/mongo/MongoStorage.java" />
      <jump line="256" column="21" filename="$USER_HOME$/tec-do/abot-slave/slave/src/main/java/com/mobisummer/abot/slave/storage/mongo/MongoStorage.java" />
      <jump line="257" column="35" filename="$USER_HOME$/tec-do/abot-slave/slave/src/main/java/com/mobisummer/abot/slave/storage/mongo/MongoStorage.java" />
      <jump line="259" column="30" filename="$USER_HOME$/tec-do/abot-slave/slave/src/main/java/com/mobisummer/abot/slave/storage/mongo/MongoStorage.java" />
      <jump line="261" column="43" filename="$USER_HOME$/tec-do/abot-slave/slave/src/main/java/com/mobisummer/abot/slave/storage/mongo/MongoStorage.java" />
      <jump line="272" column="23" filename="$USER_HOME$/tec-do/abot-slave/slave/src/main/java/com/mobisummer/abot/slave/storage/mongo/MongoStorage.java" />
      <jump line="274" column="38" filename="$USER_HOME$/tec-do/abot-slave/slave/src/main/java/com/mobisummer/abot/slave/storage/mongo/MongoStorage.java" />
      <jump line="276" column="17" filename="$USER_HOME$/tec-do/abot-slave/slave/src/main/java/com/mobisummer/abot/slave/storage/mongo/MongoStorage.java" />
      <jump line="277" column="45" filename="$USER_HOME$/tec-do/abot-slave/slave/src/main/java/com/mobisummer/abot/slave/storage/mongo/MongoStorage.java" />
      <jump line="202" column="34" filename="$USER_HOME$/tec-do/abot-slave/slave/src/main/java/com/mobisummer/abot/slave/util/SelectableUtil.java" />
      <jump line="86" column="8" filename="$USER_HOME$/tec-do/abot-slave/slave/src/main/java/com/mobisummer/abot/slave/util/SelectableUtil.java" />
      <jump line="333" column="0" filename="$USER_HOME$/tec-do/dts-plugin-abot/dts-abot/src/main/java/com/mobisummer/abot/conversion/utils/Json.java" />
      <jump line="336" column="70" filename="$USER_HOME$/tec-do/dts-plugin-abot/dts-abot/src/main/java/com/mobisummer/abot/conversion/utils/Json.java" />
      <jump line="345" column="69" filename="$USER_HOME$/tec-do/dts-plugin-abot/dts-abot/src/main/java/com/mobisummer/abot/conversion/utils/Json.java" />
      <jump line="355" column="42" filename="$USER_HOME$/tec-do/dts-plugin-abot/dts-abot/src/main/java/com/mobisummer/abot/conversion/utils/Json.java" />
      <jump line="366" column="11" filename="$USER_HOME$/tec-do/dts-plugin-abot/dts-abot/src/main/java/com/mobisummer/abot/conversion/utils/Json.java" />
      <jump line="105" column="14" filename="$USER_HOME$/tec-do/abot-slave/slave/src/main/java/com/mobisummer/abot/slave/crawl/HttpsClientDownloader.java" />
      <jump line="101" column="100" filename="$USER_HOME$/tec-do/abot-slave/slave/src/main/java/com/mobisummer/abot/slave/crawl/HttpsClientDownloader.java" />
      <jump line="448" column="31" filename="$USER_HOME$/tec-do/abot-slave/slave/src/main/java/com/mobisummer/abot/slave/crawl/Spider.java" />
      <jump line="397" column="15" filename="$USER_HOME$/tec-do/abot-slave/slave/src/main/java/com/mobisummer/abot/slave/crawl/Spider.java" />
      <jump line="533" column="4" filename="$USER_HOME$/tec-do/abot-slave/slave/src/main/java/com/mobisummer/abot/slave/crawl/Spider.java" />
      <jump line="398" column="6" filename="$USER_HOME$/tec-do/abot-slave/slave/src/main/java/com/mobisummer/abot/slave/crawl/Spider.java" />
      <jump line="93" column="61" filename="$USER_HOME$/tec-do/abot-slave/slave/src/main/java/com/mobisummer/abot/slave/storage/mongo/MongoStorage.java" />
      <jump line="33" column="42" filename="$USER_HOME$/tec-do/abot-slave/slave/src/main/java/com/mobisummer/abot/slave/storage/http/HttpStorage.java" />
      <jump line="64" column="8" filename="$USER_HOME$/tec-do/abot-slave/slave/src/main/java/com/mobisummer/abot/slave/storage/http/HttpStorage.java" />
      <jump line="208" column="12" filename="$USER_HOME$/tec-do/abot-slave/slave/src/main/java/com/mobisummer/abot/slave/crawl/CustomPipeline.java" />
      <jump line="292" column="8" filename="$USER_HOME$/tec-do/abot-slave/slave/src/main/java/com/mobisummer/abot/slave/storage/mongo/MongoStorage.java" />
      <jump line="100" column="45" filename="$USER_HOME$/tec-do/abot-slave/slave/src/main/java/com/mobisummer/abot/slave/util/SelectableUtil.java" />
      <jump line="30" column="21" filename="$USER_HOME$/tec-do/abot-slave/slave/src/main/java/com/mobisummer/abot/slave/crawl/proxy/UltimateProxyProvider.java" />
      <jump line="104" column="13" filename="$USER_HOME$/tec-do/abot-slave/slave/src/main/java/com/mobisummer/abot/slave/crawl/HttpsClientDownloader.java" />
      <jump line="15" column="13" filename="$USER_HOME$/tec-do/abot-slave/slave/src/main/java/com/mobisummer/abot/slave/util/UriUtil.java" />
      <jump line="127" column="9" filename="$USER_HOME$/tec-do/abot-slave/slave/src/main/java/com/mobisummer/abot/slave/crawl/HttpsClientDownloader.java" />
      <jump line="51" column="0" filename="$USER_HOME$/tec-do/abot-slave/slave/src/main/java/com/mobisummer/abot/slave/crawl/HttpsClientDownloader.java" />
      <jump line="529" column="2" filename="$USER_HOME$/tec-do/abot-slave/slave/src/main/java/com/mobisummer/abot/slave/crawl/Spider.java" />
      <jump line="32" column="28" filename="$USER_HOME$/tec-do/abot-slave/slave/src/main/java/com/mobisummer/abot/slave/util/HttpUtil.java" />
      <jump line="67" column="0" filename="$USER_HOME$/tec-do/abot-slave/slave/src/main/java/com/mobisummer/abot/slave/storage/http/HttpStorage.java" />
      <jump line="0" column="0" filename="$USER_HOME$/tec-do/abot-slave/slave/src/main/java/com/mobisummer/abot/slave/dao/CookieRepositoryRemoteImpl.java" />
      <jump line="102" column="30" filename="$USER_HOME$/tec-do/abot-slave/slave/src/main/java/com/mobisummer/abot/slave/crawl/proxy/UltimateProxyProvider.java" />
      <jump line="71" column="16" filename="$USER_HOME$/tec-do/abot-slave/slave/src/main/java/com/mobisummer/abot/slave/crawl/Spider.java" />
      <jump line="29" column="1" filename="$USER_HOME$/tec-do/abot-slave/slave/src/main/java/com/mobisummer/abot/slave/util/SelectableUtil.java" />
      <jump line="117" column="70" filename="$USER_HOME$/tec-do/abot-slave/slave/src/main/java/com/mobisummer/abot/slave/util/SelectableUtil.java" />
      <jump line="164" column="24" filename="$USER_HOME$/tec-do/abot-slave/slave/src/main/java/com/mobisummer/abot/slave/crawl/proxy/UltimateProxyProvider.java" />
      <jump line="208" column="10" filename="$USER_HOME$/tec-do/abot-slave/slave/src/main/java/com/mobisummer/abot/slave/storage/mongo/MongoStorage.java" />
      <jump line="0" column="0" filename="$USER_HOME$/tec-do/abot-slave/slave/src/main/java/com/mobisummer/abot/slave/crawl/CommonPageProcessor.java" />
      <jump line="289" column="91" filename="$USER_HOME$/tec-do/abot-slave/slave/src/main/java/com/mobisummer/abot/slave/crawl/CommonPageProcessor.java" />
      <jump line="5" column="13" filename="$USER_HOME$/tec-do/abot-slave/slave/src/main/java/com/mobisummer/abot/slave/util/JsonUtil.java" />
      <jump line="35" column="6" filename="$USER_HOME$/tec-do/abot-slave/slave/src/main/java/com/mobisummer/abot/slave/util/JsonUtil.java" />
      <jump line="367" column="4" filename="$USER_HOME$/tec-do/abot-slave/slave/src/main/java/com/mobisummer/abot/slave/crawl/Spider.java" />
      <jump line="0" column="0" filename="$USER_HOME$/tec-do/abot-slave/slave/src/main/java/com/mobisummer/abot/slave/service/CrawlTaskManager.java" />
      <jump line="0" column="0" filename="$USER_HOME$/tec-do/abot-slave/slave/src/main/java/com/mobisummer/abot/slave/crawl/HttpsClientGenerator.java" />
      <jump line="4" column="23" filename="$USER_HOME$/tec-do/abot-slave/slave/src/main/java/com/mobisummer/abot/slave/crawl/HttpsClientGenerator.java" />
      <jump line="68" column="82" filename="$USER_HOME$/tec-do/abot-slave/slave/src/main/java/com/mobisummer/abot/slave/crawl/HttpsClientGenerator.java" />
      <jump line="199" column="8" filename="$USER_HOME$/tec-do/abot-slave/slave/src/main/java/com/mobisummer/abot/slave/storage/mongo/MongoStorage.java" />
      <jump line="119" column="25" filename="$USER_HOME$/tec-do/abot-slave/slave/src/main/java/com/mobisummer/abot/slave/crawl/CommonPageProcessor.java" />
      <jump line="283" column="23" filename="$USER_HOME$/tec-do/abot-slave/slave/src/main/java/com/mobisummer/abot/slave/crawl/CommonPageProcessor.java" />
      <jump line="290" column="25" filename="$USER_HOME$/tec-do/abot-slave/slave/src/main/java/com/mobisummer/abot/slave/crawl/CommonPageProcessor.java" />
      <jump line="11" column="43" filename="$USER_HOME$/tec-do/abot-slave/slave/src/main/java/com/mobisummer/abot/slave/crawl/CommonPageProcessor.java" />
      <jump line="0" column="0" filename="$USER_HOME$/tec-do/abot-master/master/src/main/java/com/mobisummer/abot/master/util/ClassUtil.java" />
      <jump line="15" column="0" filename="$USER_HOME$/tec-do/abot-master/master/src/main/java/com/mobisummer/abot/master/netty/entity/base/BasicResponse.java" />
      <jump line="10" column="35" filename="$USER_HOME$/tec-do/abot-slave/slave/src/main/java/com/mobisummer/abot/slave/exception/DownloadParameterException.java" />
      <jump line="10" column="14" filename="$USER_HOME$/tec-do/abot-slave/slave/src/main/java/com/mobisummer/abot/slave/exception/StorageParameterException.java" />
      <jump line="4" column="0" filename="/Spider.java" />
      <jump line="157" column="4" filename="/Spider.java" />
      <jump line="171" column="4" filename="/Spider.java" />
      <jump line="66" column="33" filename="$USER_HOME$/tec-do/abot-console/console/src/main/java/com/mobisummer/abot/console/manager/ConfigManager.java" />
      <jump line="30" column="46" filename="$USER_HOME$/tec-do/abot-console/console/src/main/java/com/mobisummer/abot/console/manager/ConfigManager.java" />
      <jump line="34" column="23" filename="$USER_HOME$/tec-do/abot-console/console/src/main/java/com/mobisummer/abot/console/manager/ConfigManager.java" />
      <jump line="41" column="35" filename="$USER_HOME$/tec-do/abot-console/console/src/main/java/com/mobisummer/abot/console/manager/ConfigManager.java" />
      <jump line="42" column="71" filename="$USER_HOME$/tec-do/abot-console/console/src/main/java/com/mobisummer/abot/console/manager/ConfigManager.java" />
      <jump line="45" column="35" filename="$USER_HOME$/tec-do/abot-console/console/src/main/java/com/mobisummer/abot/console/manager/ConfigManager.java" />
      <jump line="58" column="35" filename="$USER_HOME$/tec-do/abot-console/console/src/main/java/com/mobisummer/abot/console/manager/ConfigManager.java" />
      <jump line="39" column="43" filename="$USER_HOME$/tec-do/abot-console/console/build.gradle" />
      <jump line="40" column="49" filename="$USER_HOME$/tec-do/abot-console/console/build.gradle" />
      <jump line="42" column="45" filename="$USER_HOME$/tec-do/abot-console/console/build.gradle" />
      <jump line="44" column="46" filename="$USER_HOME$/tec-do/abot-console/console/build.gradle" />
      <jump line="9" column="2" filename="$USER_HOME$/tec-do/abot-console/console/build.gradle" />
      <jump line="36" column="2" filename="$USER_HOME$/tec-do/abot-console/console/build.gradle" />
      <jump line="38" column="45" filename="$USER_HOME$/tec-do/abot-console/console/build.gradle" />
      <jump line="62" column="37" filename="$USER_HOME$/.gradle/caches/modules-2/files-2.1/org.apache.httpcomponents/httpcore/4.4.6/57cc0a7af46d66754e632bddc558a913b9e66ac3/httpcore-4.4.6-sources.jar!/org/apache/http/entity/StringEntity.java" />
      <jump line="64" column="37" filename="$USER_HOME$/.gradle/caches/modules-2/files-2.1/org.apache.httpcomponents/httpcore/4.4.6/57cc0a7af46d66754e632bddc558a913b9e66ac3/httpcore-4.4.6-sources.jar!/org/apache/http/entity/StringEntity.java" />
      <jump line="69" column="23" filename="$USER_HOME$/.gradle/caches/modules-2/files-2.1/org.apache.httpcomponents/httpcore/4.4.6/57cc0a7af46d66754e632bddc558a913b9e66ac3/httpcore-4.4.6-sources.jar!/org/apache/http/entity/StringEntity.java" />
      <jump line="209" column="13" filename="$USER_HOME$/tec-do/abot-master/master/src/main/java/com/mobisummer/abot/master/service/JobService.java" />
      <jump line="211" column="8" filename="$USER_HOME$/tec-do/abot-master/master/src/main/java/com/mobisummer/abot/master/service/JobService.java" />
      <jump line="212" column="34" filename="$USER_HOME$/tec-do/abot-master/master/src/main/java/com/mobisummer/abot/master/service/JobService.java" />
      <jump line="214" column="50" filename="$USER_HOME$/tec-do/abot-master/master/src/main/java/com/mobisummer/abot/master/service/JobService.java" />
    </jumps>
    <registers>
      <register name="&quot;" type="2">
        <text encoding="base64">aW1wb3J0IGNvbS5tb2Jpc3VtbWVyLmFib3Quc2xhdmUuZXhjZXB0aW9uLlNsYXZlSm9iRXhjZXB0aW9uOwo=</text>
      </register>
      <register name="-" type="4">
        <text encoding="base64">IEhhbmRsZVNsYXZlSm9iRXZlbnRFeGNlcHRpb24=</text>
      </register>
      <register name="/" type="4">
        <text encoding="base64">XDx1cHN0cmVhbVw+</text>
      </register>
      <register name="0" type="2">
        <text encoding="base64">ICAgIFN0cmluZyB1cmwgPSAiMTI3LjAuMC4xOjgwODYvY29tbWFuZCIuY29uY2F0KHJlcXVlc3QuZ2V0Q29tbWFuZCgpLnRvU3RyaW5nKCkpOwo=</text>
      </register>
      <register name="1" type="2">
        <text encoding="base64">aW1wb3J0IGNvbS5tb2Jpc3VtbWVyLmFib3Quc2xhdmUuZXhjZXB0aW9uLlNsYXZlSm9iRXhjZXB0aW9uOwo=</text>
      </register>
      <register name="2" type="2">
        <text encoding="base64">aW1wb3J0IGNvbS5tb2Jpc3VtbWVyLmFib3Quc2xhdmUuZXhjZXB0aW9uLkhhbmRsZVNsYXZlSm9iRXZlbnRFeGNlcHRpb247Cg==</text>
      </register>
      <register name="3" type="2">
        <text encoding="base64">Cg==</text>
      </register>
      <register name="4" type="2">
        <text encoding="base64">ICAK</text>
      </register>
      <register name="5" type="4">
        <text>public SlaveJobEventException(final String message) {
    super(message);
  }</text>
      </register>
      <register name="6" type="2">
        <text encoding="base64">ICAgICAgU3BpZGVyU3RhdGVFeGNlcHRpb24gZSA9Cg==</text>
      </register>
      <register name="7" type="2">
        <text encoding="base64">ICAgICAgICBTeXN0ZW0ub3V0LnByaW50bG4oMSk7Cg==</text>
      </register>
      <register name="8" type="2">
        <text encoding="base64">ICAgICAgICB9Cg==</text>
      </register>
      <register name="9" type="2">
        <text encoding="base64">ICAgICAgICB3aGlsZSAodHJ1ZSkgewo=</text>
      </register>
      <register name=":" type="4">
        <text>w</text>
      </register>
    </registers>
    <search>
      <last-search encoding="base64">XDx1cHN0cmVhbVw+</last-search>
      <last-offset />
      <last-pattern encoding="base64">XDx1cHN0cmVhbVw+</last-pattern>
      <last-replace>maxChars</last-replace>
      <last-substitute encoding="base64">XDx2ZXJzaW9uc1w+</last-substitute>
      <last-dir>1</last-dir>
      <show-last>false</show-last>
    </search>
    <history>
      <history-search>
        <entry encoding="base64">XDx1cmxLZXlzXD4=</entry>
        <entry>expire</entry>
        <entry encoding="base64">XDxzYWRkXD4=</entry>
        <entry encoding="base64">XDxzdWJzXD4=</entry>
        <entry encoding="base64">XDx2YWx1ZVw+</entry>
        <entry encoding="base64">XDxvYmpcPg==</entry>
        <entry>LOOP</entry>
        <entry>at</entry>
        <entry>catch</entry>
        <entry>Parameter</entry>
        <entry>Patameter</entry>
        <entry encoding="base64">XDxIdHRwRXhjZXB0aW9uXD4=</entry>
        <entry>Json.toJson(crawlResult), new ParameterException());</entry>
        <entry encoding="base64">XDxQYWdlUHJvY2Vzc0V4Y2VwdGlvblw+</entry>
        <entry>checkIfRunning</entry>
        <entry encoding="base64">XDxwXD4=</entry>
        <entry encoding="base64">XDxjb21waWxlXD4=</entry>
        <entry encoding="base64">XDx2ZXJzaW9uc1w+</entry>
        <entry encoding="base64">XDxzdHJpbmdcPg==</entry>
        <entry encoding="base64">XDx1cHN0cmVhbVw+</entry>
      </history-search>
      <history-cmd>
        <entry>wq</entry>
        <entry>1,$ s/maxchars/maxChars/g</entry>
        <entry>w</entry>
      </history-cmd>
      <history-expr />
      <history-input />
    </history>
    <shortcut-conflicts>
      <shortcut-conflict owner="vim">
        <text>ctrl pressed M</text>
      </shortcut-conflict>
    </shortcut-conflicts>
    <editor>
      <key-repeat enabled="true" />
    </editor>
  </component>
</application>