<application>
  <component name="VimEditorSettings">
    <editor>
      <key-repeat enabled="false" />
    </editor>
  </component>
  <component name="VimHistorySettings">
    <history>
      <history-search>
        <entry>side-nav</entry>
        <entry encoding="base64">XDx1cmxcPg==</entry>
        <entry encoding="base64">XDx5b3VyXD4=</entry>
        <entry encoding="base64">XDx2aWV3TnVtXD4=</entry>
        <entry encoding="base64">XDxzdXJwbHVzSW52aXRlVXNlck51bVw+</entry>
        <entry encoding="base64">XDx1c2VySWRcPg==</entry>
        <entry encoding="base64">XDxhY2Nlc3NVcmxMaXN0XD4=</entry>
        <entry encoding="base64">XDxuZXdDb21wVXNlcklkTGlzdFw+</entry>
        <entry encoding="base64">XDxMb2dnZXJcPg==</entry>
        <entry encoding="base64">XDxvbGRVc2VySWRcPg==</entry>
        <entry>isAlreadyInitialized</entry>
        <entry>res</entry>
        <entry encoding="base64">XDxhcHBseUludGVydmlld1JlcXVlc3RcPg==</entry>
        <entry encoding="base64">XDxibHVlWXh6SW5mb1w+</entry>
        <entry encoding="base64">XDxwcm9wZXJ0aWVzXD4=</entry>
        <entry encoding="base64">XDxTZXNzaW9uXD4=</entry>
        <entry encoding="base64">XDxsb2NrXD4=</entry>
        <entry encoding="base64">XDxCbHVlQ2F0ZWdvcnlEYW9cPg==</entry>
        <entry encoding="base64">XDxyZXF1ZXN0XD4=</entry>
        <entry encoding="base64">XDxyZXN1bHRcPg==</entry>
      </history-search>
      <history-cmd>
        <entry>w</entry>
      </history-cmd>
      <history-expr />
      <history-input />
    </history>
  </component>
  <component name="VimKeySettings">
    <shortcut-conflicts>
      <shortcut-conflict owner="vim">
        <text>ctrl pressed V</text>
      </shortcut-conflict>
    </shortcut-conflicts>
  </component>
  <component name="VimMarksSettings">
    <globalmarks />
    <filemarks>
      <file name="$USER_HOME$/tw/tw/re/tuan-app/data-service/data-service-web/src/main/java/com/jiuwei/tuan/config/LogInterceptor.java" timestamp="1608004993163">
        <mark key="[" line="24" column="5" />
        <mark key="]" line="25" column="5" />
        <mark key="^" line="25" column="5" />
        <mark key="." line="25" column="4" />
      </file>
      <file name="$USER_HOME$/gqt/gqt/gqt-admin-server/src/main/java/qy/tw/gqt/config/WebConfig.java" timestamp="1608015461868" />
      <file name="$USER_HOME$/tw/tw/re/tuan-app/tuan-site-gateway/tuan-site-gateway-web/src/main/java/com/jiuwei/tuan/filter/SessionFilter.java" timestamp="1608014889744" />
      <file name="$USER_HOME$/tw/tw/re/tuan-app/data-service/data-service-web/src/main/java/com/jiuwei/tuan/config/WebConfig.java" timestamp="1608005015641">
        <mark key="[" line="27" column="24" />
        <mark key="]" line="27" column="23" />
        <mark key="^" line="27" column="23" />
        <mark key="." line="27" column="22" />
      </file>
      <file name="$USER_HOME$/tw/tw/tuan-zhtj/bg/src/main/java/com/hq/controller/tuangan/TuanganController.java" timestamp="1608016097832">
        <mark key="'" line="652" column="17" />
        <mark key="[" line="600" column="12" />
        <mark key="]" line="600" column="12" />
        <mark key="^" line="600" column="12" />
        <mark key="." line="600" column="8" />
      </file>
      <file name="$USER_HOME$/tw/tw/re/tuan-app/admin-server/admin-server-web/src/main/java/com/jiuwei/tuan/service/TuanganService.java" timestamp="1608015742716">
        <mark key="[" line="49" column="13" />
        <mark key="]" line="49" column="11" />
        <mark key="^" line="49" column="11" />
        <mark key="." line="49" column="10" />
      </file>
      <file name="$USER_HOME$/tw/tw/re/tuan-app/tuan-site-gateway/tuan-site-gateway-web/src/main/java/com/jiuwei/tuan/filter/FirstFilter.java" timestamp="1608014373066" />
      <file name="$USER_HOME$/tw/tw/re/tuan-app/tuan-site-gateway/tuan-site-gateway-web/src/main/java/com/jiuwei/tuan/handler/GatewayExceptionHandler.java" timestamp="1608014323873" />
      <file name="$USER_HOME$/tw/tw/re/tuan-app/tuan-client/client-service-data/src/main/java/com/jiuwei/tuan/client/feign/tuangan/TuanganDataApi.java" timestamp="1608013798404">
        <mark key="[" line="49" column="45" />
        <mark key="]" line="49" column="50" />
        <mark key="^" line="49" column="50" />
        <mark key="." line="49" column="49" />
      </file>
      <file name="$USER_HOME$/tw/tw/re/tuan-app/tuan-common/src/main/java/com/jiuwei/tuan/common/code/ErrorCode.java" timestamp="1608015133916">
        <mark key="[" line="57" column="20" />
        <mark key="]" line="60" column="20" />
        <mark key="." line="60" column="19" />
        <mark key="^" line="60" column="20" />
      </file>
      <file name="$USER_HOME$/tw/tw/re/tuan-app/data-service/data-service-web/src/main/resources/application.yml" timestamp="1608004731069" />
      <file name="$USER_HOME$/tw/tw/re/tuan-app/admin-server/admin-server-web/src/main/java/com/jiuwei/tuan/service/impl/TuanganServiceImpl.java" timestamp="1608016151292">
        <mark key="[" line="126" column="11" />
        <mark key="]" line="126" column="8" />
        <mark key="." line="126" column="7" />
        <mark key="^" line="126" column="8" />
      </file>
      <file name="$USER_HOME$/tw/tw/re/tuan-app/admin-server/admin-server-web/src/main/java/com/jiuwei/tuan/controller/TuanganController.java" timestamp="1608015713470">
        <mark key="[" line="81" column="63" />
        <mark key="]" line="81" column="64" />
        <mark key="." line="81" column="63" />
        <mark key="^" line="81" column="64" />
      </file>
      <file name="$USER_HOME$/tw/tw/re/tuan-app/tuan-site-gateway/tuan-site-gateway-web/src/main/java/com/jiuwei/tuan/filter/TokenFilter.java" timestamp="1608014592822" />
      <file name="$USER_HOME$/tw/tw/re/tuan-app/tuan-site-gateway/tuan-site-gateway-web/src/main/java/com/jiuwei/tuan/config/GatewayExceptionHandler.java" timestamp="1608014325548" />
      <file name="$USER_HOME$/tw/tw/re/tuan-app/tuan-common/src/main/java/com/jiuwei/tuan/common/result/ResultBo.java" timestamp="1608015056652" />
      <file name="$USER_HOME$/tw/tw/re/tuan-app/data-service/data-service-web/src/main/java/com/jiuwei/tuan/controller/tuangan/TuanganController.java" timestamp="1608013821047">
        <mark key="[" line="82" column="18" />
        <mark key="]" line="83" column="8" />
        <mark key="." line="83" column="7" />
        <mark key="^" line="83" column="8" />
      </file>
      <file name="$USER_HOME$/gqt/gqt/pom.xml" timestamp="1608004958573" />
      <file name="$USER_HOME$/tw/tw/re/tuan-app/tuan-client/client-service-data/src/main/java/com/jiuwei/tuan/client/hystrix/tuangan/TuanganDataApiHystrix.java" timestamp="1608014199649">
        <mark key="[" line="43" column="0" />
        <mark key="]" line="43" column="0" />
        <mark key="." line="43" column="0" />
      </file>
      <file name="/fragment.java" timestamp="1608005205086">
        <mark key="[" line="0" column="0" />
      </file>
    </filemarks>
    <jumps>
      <jump line="0" column="0" filename="$USER_HOME$/code/yyblog/lib/yyblog.sql" />
      <jump line="324" column="3719" filename="$USER_HOME$/code/yyblog/lib/yyblog.sql" />
      <jump line="429" column="25" filename="$USER_HOME$/code/yyblog/lib/yyblog.sql" />
      <jump line="49" column="27" filename="$USER_HOME$/code/yyblog/src/main/java/net/laoyeye/yyblog/service/impl/IndexServiceImpl.java" />
      <jump line="341" column="52" filename="$USER_HOME$/code/yyblog/lib/yyblog.sql" />
      <jump line="352" column="3" filename="$USER_HOME$/code/yyblog/lib/yyblog.sql" />
      <jump line="525" column="3" filename="$USER_HOME$/code/yyblog/lib/yyblog.sql" />
      <jump line="47" column="321" filename="$USER_HOME$/code/yyblog/lib/yyblog.sql" />
      <jump line="40" column="28" filename="$USER_HOME$/code/blog/src/main/resources/templates/frontend/index.html" />
      <jump line="46" column="36" filename="$USER_HOME$/code/blog/src/main/resources/templates/frontend/index.html" />
      <jump line="4" column="30" filename="$USER_HOME$/code/blog/src/main/resources/templates/frontend/index.html" />
      <jump line="27" column="32" filename="$USER_HOME$/code/blog/src/main/resources/templates/frontend/index.html" />
      <jump line="8" column="28" filename="$USER_HOME$/code/blog/src/main/resources/templates/frontend/index.html" />
      <jump line="35" column="65" filename="$USER_HOME$/code/blog/src/main/java/top/uchiha/blog/controller/ArticleController.java" />
      <jump line="38" column="55" filename="$USER_HOME$/code/blog/src/main/resources/templates/admin/home.html" />
      <jump line="34" column="20" filename="$USER_HOME$/code/blog/src/main/resources/static/js/menu.js" />
      <jump line="90" column="17" filename="$USER_HOME$/code/blog/src/main/resources/templates/admin/home.html" />
      <jump line="140" column="16" filename="$USER_HOME$/code/blog/src/main/resources/static/js/admin.js" />
      <jump line="79" column="54" filename="$USER_HOME$/code/blog/src/main/resources/templates/admin/article_list.html" />
      <jump line="33" column="27" filename="$USER_HOME$/jianzhimao/jiuwei-server-client/client-api-blue/src/main/java/com/jiuwei/blue/api/client/bean/response/CompanyYxzInfo.java" />
      <jump line="30" column="27" filename="$USER_HOME$/jianzhimao/jiuwei-server-client/client-server-blue/src/main/java/com/jiuwei/blue/client/bean/response/BlueCompBo.java" />
      <jump line="16" column="27" filename="$USER_HOME$/jianzhimao/jiuwei-server-client/client-server-blue/src/main/java/com/jiuwei/blue/client/bean/response/BlueYxzInfoBo.java" />
      <jump line="16" column="27" filename="$USER_HOME$/jianzhimao/blue-server/blue-server-dao/src/main/java/com/jiuwei/blue/domain/BlueYxzInfo.java" />
      <jump line="15" column="21" filename="$USER_HOME$/jianzhimao/jiuwei-server-client/client-api-blue/src/main/java/com/jiuwei/blue/api/client/bean/response/CompanyYxzInfoTo.java" />
      <jump line="40" column="29" filename="$USER_HOME$/jianzhimao/jiuwei-server-client/client-server-blue/src/main/java/com/jiuwei/blue/client/bean/request/AddCompanyApplyRequest.java" />
      <jump line="18" column="27" filename="$USER_HOME$/jianzhimao/jiuwei-server-client/client-server-blue/src/main/java/com/jiuwei/blue/client/bean/response/BlueYxzBo.java" />
      <jump line="135" column="12" filename="$USER_HOME$/jianzhimao/blue-api/blue-api-service/src/main/java/com/jiuwei/blue/api/service/impl/BlueYxzServiceImpl.java" />
      <jump line="140" column="8" filename="$USER_HOME$/jianzhimao/blue-api/blue-api-service/src/main/java/com/jiuwei/blue/api/service/impl/BlueYxzServiceImpl.java" />
      <jump line="141" column="15" filename="$USER_HOME$/jianzhimao/blue-api/blue-api-service/src/main/java/com/jiuwei/blue/api/service/impl/BlueYxzServiceImpl.java" />
      <jump line="118" column="16" filename="$USER_HOME$/jianzhimao/blue-api/blue-api-service/src/main/java/com/jiuwei/blue/api/service/impl/BlueYxzServiceImpl.java" />
      <jump line="119" column="78" filename="$USER_HOME$/jianzhimao/blue-api/blue-api-service/src/main/java/com/jiuwei/blue/api/service/impl/BlueYxzServiceImpl.java" />
      <jump line="69" column="43" filename="$USER_HOME$/jianzhimao/blue-server/blue-server-web/src/main/java/com/jiuwei/blue/service/impl/BlueYxzServiceImpl.java" />
      <jump line="33" column="27" filename="$USER_HOME$/jianzhimao/jiuwei-server-client/client-server-user/src/main/java/com/jiuwei/user/client/bean/request/PatchUserResumeRequest.java" />
      <jump line="74" column="49" filename="$USER_HOME$/jianzhimao/user-server/user-write-server-web/src/main/java/com/jiuwei/user/service/impl/UserResumeServiceImpl.java" />
      <jump line="79" column="30" filename="$USER_HOME$/jianzhimao/user-server/user-write-server-web/src/main/java/com/jiuwei/user/service/impl/UserResumeServiceImpl.java" />
      <jump line="84" column="62" filename="$USER_HOME$/jianzhimao/user-server/user-write-server-web/src/main/java/com/jiuwei/user/service/impl/UserResumeServiceImpl.java" />
      <jump line="30" column="28" filename="$USER_HOME$/jianzhimao/jiuwei-server-client/client-server-user/src/main/java/com/jiuwei/user/client/bean/request/PatchUserResumeRequest.java" />
      <jump line="42" column="13" filename="$USER_HOME$/jianzhimao/user-server/user-write-server-web/src/main/java/com/jiuwei/user/service/impl/UserServiceImpl.java" />
      <jump line="22" column="24" filename="$USER_HOME$/jianzhimao/min-app-gateway/min-app-common/src/main/java/com/jiuwei/minapp/common/configuration/ExcludeUrl.java" />
      <jump line="30" column="47" filename="$USER_HOME$/jianzhimao/min-app-gateway/min-app-common/src/main/java/com/jiuwei/minapp/common/configuration/ExcludeUrl.java" />
      <jump line="141" column="28" filename="$USER_HOME$/jianzhimao/jiuwei-server-client/client-server-blue/src/main/java/com/jiuwei/blue/client/bean/response/BlueYxzDetailsBo.java" />
      <jump line="104" column="0" filename="$USER_HOME$/jianzhimao/jiuwei-server-client/client-server-blue/src/main/java/com/jiuwei/blue/client/bean/response/BlueYxzDetailsBo.java" />
      <jump line="24" column="35" filename="$USER_HOME$/jianzhimao/jiuwei-server-client/client-server-blue/src/main/java/com/jiuwei/blue/client/bean/response/BlueYxzCompInfoBo.java" />
      <jump line="159" column="31" filename="$USER_HOME$/jianzhimao/jiuwei-server-client/client-server-blue/src/main/java/com/jiuwei/blue/client/bean/response/BlueYxzCompInfoBo.java" />
      <jump line="196" column="30" filename="$USER_HOME$/jianzhimao/blue-api/blue-api-service/src/main/java/com/jiuwei/blue/api/service/impl/BlueYxzServiceImpl.java" />
      <jump line="198" column="23" filename="$USER_HOME$/jianzhimao/blue-api/blue-api-service/src/main/java/com/jiuwei/blue/api/service/impl/BlueYxzServiceImpl.java" />
      <jump line="200" column="23" filename="$USER_HOME$/jianzhimao/blue-api/blue-api-service/src/main/java/com/jiuwei/blue/api/service/impl/BlueYxzServiceImpl.java" />
      <jump line="205" column="16" filename="$USER_HOME$/jianzhimao/blue-api/blue-api-service/src/main/java/com/jiuwei/blue/api/service/impl/BlueYxzServiceImpl.java" />
      <jump line="31" column="25" filename="$USER_HOME$/jianzhimao/blue-api/blue-api-web/src/main/java/com/jiuwei/blue/api/controller/BlueYxzController.java" />
      <jump line="68" column="58" filename="$USER_HOME$/jianzhimao/min-app-gateway/min-app-common/src/main/java/com/jiuwei/minapp/common/util/RedisSessionUtils.java" />
      <jump line="177" column="27" filename="$USER_HOME$/jianzhimao/jiuwei-server-client/client-server-blue/src/main/java/com/jiuwei/blue/client/bean/response/BlueYxzCompInfoBo.java" />
      <jump line="52" column="13" filename="$MAVEN_REPOSITORY$/ch/qos/logback/logback-classic/1.2.3/logback-classic-1.2.3-sources.jar!/ch/qos/logback/classic/LoggerContext.java" />
      <jump line="70" column="8" filename="$MAVEN_REPOSITORY$/ch/qos/logback/logback-classic/1.2.3/logback-classic-1.2.3-sources.jar!/ch/qos/logback/classic/LoggerContext.java" />
      <jump line="185" column="65" filename="$MAVEN_REPOSITORY$/ch/qos/logback/logback-classic/1.2.3/logback-classic-1.2.3-sources.jar!/ch/qos/logback/classic/LoggerContext.java" />
      <jump line="210" column="57" filename="$MAVEN_REPOSITORY$/ch/qos/logback/logback-classic/1.2.3/logback-classic-1.2.3-sources.jar!/ch/qos/logback/classic/LoggerContext.java" />
      <jump line="212" column="31" filename="$MAVEN_REPOSITORY$/ch/qos/logback/logback-classic/1.2.3/logback-classic-1.2.3-sources.jar!/ch/qos/logback/classic/LoggerContext.java" />
      <jump line="418" column="90" filename="$USER_HOME$/jianzhimao/blue-api/blue-api-service/src/main/java/com/jiuwei/blue/api/service/impl/BlueJobServiceImpl.java" />
      <jump line="419" column="45" filename="$USER_HOME$/jianzhimao/blue-api/blue-api-service/src/main/java/com/jiuwei/blue/api/service/impl/BlueJobServiceImpl.java" />
      <jump line="420" column="40" filename="$USER_HOME$/jianzhimao/blue-api/blue-api-service/src/main/java/com/jiuwei/blue/api/service/impl/BlueJobServiceImpl.java" />
      <jump line="430" column="67" filename="$USER_HOME$/jianzhimao/blue-api/blue-api-service/src/main/java/com/jiuwei/blue/api/service/impl/BlueJobServiceImpl.java" />
      <jump line="433" column="25" filename="$USER_HOME$/jianzhimao/blue-api/blue-api-service/src/main/java/com/jiuwei/blue/api/service/impl/BlueJobServiceImpl.java" />
      <jump line="902" column="96" filename="$USER_HOME$/jianzhimao/blue-api/blue-api-service/src/main/java/com/jiuwei/blue/api/service/impl/BlueJobServiceImpl.java" />
      <jump line="903" column="59" filename="$USER_HOME$/jianzhimao/blue-api/blue-api-service/src/main/java/com/jiuwei/blue/api/service/impl/BlueJobServiceImpl.java" />
      <jump line="188" column="20" filename="$USER_HOME$/jianzhimao/blue-server/blue-server-web/src/main/java/com/jiuwei/blue/service/impl/BlueYxzServiceImpl.java" />
      <jump line="198" column="56" filename="$USER_HOME$/jianzhimao/blue-server/blue-server-web/src/main/java/com/jiuwei/blue/service/impl/BlueYxzServiceImpl.java" />
      <jump line="199" column="55" filename="$USER_HOME$/jianzhimao/blue-server/blue-server-web/src/main/java/com/jiuwei/blue/service/impl/BlueYxzServiceImpl.java" />
      <jump line="200" column="53" filename="$USER_HOME$/jianzhimao/blue-server/blue-server-web/src/main/java/com/jiuwei/blue/service/impl/BlueYxzServiceImpl.java" />
      <jump line="201" column="40" filename="$USER_HOME$/jianzhimao/blue-server/blue-server-web/src/main/java/com/jiuwei/blue/service/impl/BlueYxzServiceImpl.java" />
      <jump line="181" column="79" filename="$USER_HOME$/gqt/gqt/gqt-common-dao/f_1.0_ljh.sql" />
      <jump line="83" column="38" filename="$USER_HOME$/jianzhimao/timer-batch-task/task-kafka/src/main/java/com/jiuwei/task/kafka/service/impl/RmsMailboxServiceImpl.java" />
      <jump line="57" column="29" filename="$USER_HOME$/jianzhimao/timer-batch-task/task-common/src/main/java/com/jiuwei/task/common/mail/connection/MailClient.java" />
      <jump line="22" column="12" filename="$USER_HOME$/jianzhimao/timer-batch-task/task-common/src/main/java/com/jiuwei/task/common/mail/connection/MailClient.java" />
      <jump line="44" column="25" filename="$USER_HOME$/jianzhimao/jiuwei-server-client/client-api-blue/src/main/java/com/jiuwei/blue/api/client/bean/response/BlueAskListTo.java" />
      <jump line="36" column="32" filename="$USER_HOME$/jianzhimao/old/jzmaoCompany/src/main/java/com/jiuwei/compmobile/service/blue/InterviewListService.java" />
      <jump line="189" column="35" filename="$USER_HOME$/jianzhimao/jiuwei-server-client/client-server-blue/src/main/java/com/jiuwei/blue/client/bean/response/BlueYxzCompInfoBo.java" />
      <jump line="61" column="31" filename="$USER_HOME$/jianzhimao/blue-api/blue-api-service/src/main/java/com/jiuwei/blue/api/service/impl/BlueYxzServiceImpl.java" />
      <jump line="15" column="22" filename="$USER_HOME$/jianzhimao/old/huanxin/src/main/java/com/easemob/server/example/my/entity/InterviewInvitation.java" />
      <jump line="77" column="32" filename="$USER_HOME$/jianzhimao/old/huanxin/src/main/java/com/easemob/server/example/my/entity/ViewedResume.java" />
      <jump line="466" column="13" filename="$USER_HOME$/jianzhimao/blue-api/blue-api-service/src/main/java/com/jiuwei/blue/api/service/impl/BlueYxzServiceImpl.java" />
      <jump line="45" column="12" filename="$USER_HOME$/jianzhimao/blue-server/blue-server-web/src/main/java/com/jiuwei/blue/service/impl/BlueYxzServiceImpl.java" />
      <jump line="18" column="27" filename="$USER_HOME$/jianzhimao/blue-server/blue-server-web/src/main/java/com/jiuwei/blue/service/impl/BlueYxzServiceImpl.java" />
      <jump line="88" column="59" filename="$USER_HOME$/jianzhimao/blue-api/blue-api-service/src/main/java/com/jiuwei/blue/api/service/impl/BlueYxzServiceImpl.java" />
      <jump line="133" column="30" filename="$USER_HOME$/jianzhimao/timer-batch-task/task-kafka/src/main/java/com/jiuwei/task/kafka/service/impl/RmsMailboxServiceImpl.java" />
      <jump line="135" column="16" filename="$USER_HOME$/jianzhimao/timer-batch-task/task-kafka/src/main/java/com/jiuwei/task/kafka/service/impl/RmsMailboxServiceImpl.java" />
      <jump line="141" column="38" filename="$USER_HOME$/jianzhimao/timer-batch-task/task-kafka/src/main/java/com/jiuwei/task/kafka/service/impl/RmsMailboxServiceImpl.java" />
      <jump line="144" column="72" filename="$USER_HOME$/jianzhimao/timer-batch-task/task-kafka/src/main/java/com/jiuwei/task/kafka/service/impl/RmsMailboxServiceImpl.java" />
      <jump line="150" column="51" filename="$USER_HOME$/jianzhimao/timer-batch-task/task-kafka/src/main/java/com/jiuwei/task/kafka/service/impl/RmsMailboxServiceImpl.java" />
      <jump line="151" column="65" filename="$USER_HOME$/jianzhimao/timer-batch-task/task-kafka/src/main/java/com/jiuwei/task/kafka/service/impl/RmsMailboxServiceImpl.java" />
      <jump line="153" column="33" filename="$USER_HOME$/jianzhimao/timer-batch-task/task-kafka/src/main/java/com/jiuwei/task/kafka/service/impl/RmsMailboxServiceImpl.java" />
      <jump line="154" column="32" filename="$USER_HOME$/jianzhimao/timer-batch-task/task-kafka/src/main/java/com/jiuwei/task/kafka/service/impl/RmsMailboxServiceImpl.java" />
      <jump line="226" column="73" filename="$USER_HOME$/jianzhimao/timer-batch-task/task-kafka/src/main/java/com/jiuwei/task/kafka/service/impl/RmsMailboxServiceImpl.java" />
      <jump line="229" column="8" filename="$USER_HOME$/jianzhimao/timer-batch-task/task-kafka/src/main/java/com/jiuwei/task/kafka/service/impl/RmsMailboxServiceImpl.java" />
      <jump line="645" column="50" filename="$USER_HOME$/tw/tw/tuan-zhtj/bg/src/main/java/com/hq/controller/tuangan/TuanganController.java" />
      <jump line="652" column="17" filename="$USER_HOME$/tw/tw/tuan-zhtj/bg/src/main/java/com/hq/controller/tuangan/TuanganController.java" />
    </jumps>
  </component>
  <component name="VimRegisterSettings">
    <registers>
      <register name="a" type="4">
        <text />
      </register>
      <register name="&quot;" type="4">
        <text encoding="base64">IGRlbGV0ZUFzc2VydGlvbg==</text>
      </register>
      <register name="e" type="4">
        <text />
      </register>
      <register name="-" type="4">
        <text encoding="base64">IGRlbGV0ZUFzc2VydGlvbg==</text>
      </register>
      <register name="/" type="4">
        <text encoding="base64">XDxyZXN1bHRcPg==</text>
      </register>
      <register name="0" type="2">
        <text encoding="base64">ICAgICAgICByZXR1cm4gbmV3IFJlc3VsdFRvPD4oSHR0cFN0YXR1cy5TQ19JTlRFUk5BTF9TRVJWRVJfRVJST1IsIEVycm9yQ29kZS5USU1FT1VUKTsK</text>
      </register>
      <register name="1" type="2">
        <text encoding="base64">Cg==</text>
      </register>
      <register name="2" type="2">
        <text encoding="base64">ICAgICAgICByZXR1cm4gbnVsbDsK</text>
      </register>
      <register name="3" type="2">
        <text encoding="base64">ICAgICAgICA7Cg==</text>
      </register>
      <register name="4" type="2">
        <text encoding="base64">ICAgICAgICA7Cg==</text>
      </register>
      <register name="5" type="2">
        <text encoding="base64">ICAgICAgICByZWdpc3RyeS5hZGRSZXNvdXJjZUhhbmRsZXIoIi8qKiIpLmFkZFJlc291cmNlTG9jYXRpb25zKCJjbGFzc3BhdGg6L3N0YXRpYy8iKTsK</text>
      </register>
      <register name="6" type="4">
        <text>if (CollectionUtil.isEmpty(infosTo.getListData())) {
            
        }</text>
      </register>
      <register name="7" type="2">
        <text encoding="base64">ICAgICAgICByZXR1cm4gbnVsbDsK</text>
      </register>
      <register name="w" type="4">
        <text>e</text>
      </register>
      <register name="8" type="2">
        <text encoding="base64">ICAgICAgICA7Cg==</text>
      </register>
      <register name="9" type="2">
        <text encoding="base64">Cg==</text>
      </register>
      <register name=":" type="4">
        <text>w</text>
      </register>
    </registers>
  </component>
  <component name="VimSearchSettings">
    <search>
      <last-search encoding="base64">XDxyZXN1bHRcPg==</last-search>
      <last-offset />
      <last-pattern encoding="base64">XDxyZXN1bHRcPg==</last-pattern>
      <last-dir>1</last-dir>
      <show-last>false</show-last>
    </search>
  </component>
  <component name="VimSettings">
    <state version="6" enabled="true" />
    <notifications>
      <idea-join enabled="false" />
      <idea-put enabled="false" />
    </notifications>
  </component>
</application>