<application>
  <component name="VimSettings">
    <state version="4" enabled="true" />
    <globalmarks />
    <filemarks>
      <file name="$USER_HOME$/tec-do/dts-plugin-abot/dts-abot/src/main/java/com/mobisummer/emp/conversion/processor/converter/base/CommentConverter.java" timestamp="1559119598969">
        <mark key="'" line="58" column="30" />
        <mark key="[" line="87" column="60" />
        <mark key="]" line="89" column="92" />
        <mark key="^" line="89" column="92" />
        <mark key="." line="89" column="92" />
      </file>
      <file name="$USER_HOME$/code/my/bf/src/test/java/com/common/project/Test.java" timestamp="1559295719558">
        <mark key="[" line="23" column="30" />
        <mark key="]" line="23" column="31" />
        <mark key="." line="23" column="31" />
        <mark key="^" line="23" column="31" />
      </file>
      <file name="$USER_HOME$/tec-do/dts-plugin-abot/dts-abot/src/main/java/com/mobisummer/emp/conversion/constant/ConstantRepository.java" timestamp="1558684053034">
        <mark key="[" line="9" column="54" />
        <mark key="]" line="11" column="58" />
        <mark key="^" line="11" column="58" />
        <mark key="." line="11" column="58" />
      </file>
      <file name="$USER_HOME$/tec-do/abot-master/master/src/main/java/com/mobisummer/abot/master/service/JobService.java" timestamp="1560415462596">
        <mark key="[" line="828" column="0" />
        <mark key="]" line="828" column="0" />
        <mark key="^" line="828" column="0" />
        <mark key="." line="828" column="0" />
      </file>
      <file name="$USER_HOME$/tec-do/dts-plugin-abot/dts-abot/src/main/java/com/mobisummer/emp/conversion/processor/converter/ae/AeSkuConverter.java" timestamp="1559102451485">
        <mark key="'" line="101" column="54" />
        <mark key="[" line="23" column="10" />
        <mark key="]" line="23" column="35" />
        <mark key="." line="23" column="35" />
        <mark key="^" line="23" column="35" />
      </file>
      <file name="$USER_HOME$/tec-do/dts-plugin-abot/build.gradle" timestamp="1560502835365">
        <mark key="[" line="68" column="32" />
        <mark key="]" line="68" column="3" />
        <mark key="^" line="68" column="3" />
        <mark key="." line="68" column="3" />
      </file>
      <file name="$USER_HOME$/tec-do/dts-plugin-abot/dts-abot/src/main/java/com/mobisummer/emp/conversion/processor/handler/AeCommentProcessHandler.java" timestamp="1558691362169">
        <mark key="[" line="103" column="0" />
        <mark key="]" line="103" column="0" />
        <mark key="^" line="45" column="66" />
        <mark key="." line="103" column="0" />
      </file>
      <file name="$USER_HOME$/tec-do/dts-plugin-abot/dts-abot/src/main/java/com/mobisummer/emp/conversion/processor/converter/ae/AeSpuConverter.java" timestamp="1558693093574">
        <mark key="[" line="32" column="34" />
        <mark key="]" line="32" column="35" />
        <mark key="." line="32" column="35" />
        <mark key="^" line="32" column="35" />
      </file>
      <file name="$USER_HOME$/tec-do/dts-plugin-abot/dts-abot/src/main/java/com/mobisummer/emp/conversion/utils/ClassNameUtil.java" timestamp="1558681516886">
        <mark key="[" line="17" column="28" />
        <mark key="]" line="162" column="2" />
        <mark key="^" line="162" column="2" />
        <mark key="." line="162" column="2" />
      </file>
      <file name="$USER_HOME$/tec-do/dts-plugin-abot/dts-abot/src/test/java/com/mobisummer/emp/conversion/converter/AeSkuConverterTest.java" timestamp="1558666623249">
        <mark key="[" line="41" column="23" />
        <mark key="]" line="41" column="46" />
        <mark key="." line="41" column="46" />
        <mark key="^" line="41" column="46" />
      </file>
      <file name="$USER_HOME$/tec-do/dts-plugin-abot/dts-abot/src/main/java/com/mobisummer/emp/conversion/processor/handler/BaseProcessHandler.java" timestamp="1558678014083">
        <mark key="[" line="77" column="32" />
        <mark key="]" line="77" column="32" />
        <mark key="." line="77" column="32" />
        <mark key="^" line="77" column="11" />
      </file>
      <file name="$USER_HOME$/tec-do/abot-master/protocol/src/main/java/com/mobisummer/abot/protocol/Const.java" timestamp="1560331352261">
        <mark key="[" line="246" column="3" />
      </file>
      <file name="$USER_HOME$/tec-do/dts-plugin-abot/dts-abot/src/main/java/com/mobisummer/emp/conversion/entity/Sku.java" timestamp="1559216740124">
        <mark key="[" line="67" column="38" />
        <mark key="]" line="67" column="38" />
        <mark key="." line="67" column="38" />
        <mark key="^" line="67" column="38" />
      </file>
      <file name="$USER_HOME$/tec-do/dts-plugin-abot/dts-abot/src/main/java/com/mobisummer/emp/conversion/constant/CleanConstant.java" timestamp="1560392143024">
        <mark key="[" line="14" column="0" />
        <mark key="]" line="14" column="0" />
        <mark key="." line="14" column="0" />
      </file>
      <file name="$USER_HOME$/tec-do/dts-plugin-abot/dts-abot/src/main/java/com/mobisummer/emp/conversion/processor/converter/lzd/LzdSkuConverter.java" timestamp="1559216158029">
        <mark key="[" line="118" column="74" />
        <mark key="]" line="118" column="80" />
        <mark key="." line="118" column="80" />
        <mark key="^" line="118" column="80" />
      </file>
      <file name="$USER_HOME$/tec-do/dts-plugin-abot/dts-abot/src/main/java/com/mobisummer/emp/conversion/processor/converter/base/Converter.java" timestamp="1559111845992">
        <mark key="[" line="19" column="25" />
        <mark key="]" line="19" column="42" />
        <mark key="." line="19" column="42" />
        <mark key="^" line="19" column="42" />
      </file>
      <file name="$USER_HOME$/tec-do/abot-slave/slave/src/main/java/com/mobisummer/abot/slave/crawl/CommonPageProcessor.java" timestamp="1560504006741">
        <mark key="[" line="240" column="12" />
        <mark key="]" line="246" column="7" />
        <mark key="^" line="54" column="95" />
        <mark key="." line="246" column="7" />
      </file>
      <file name="$USER_HOME$/tec-do/dts-plugin-abot/dts-abot/src/main/java/com/mobisummer/emp/conversion/processor/converter/lzd/LzdCommentConverter.java" timestamp="1559114044765">
        <mark key="[" line="30" column="10" />
        <mark key="]" line="30" column="36" />
        <mark key="." line="30" column="36" />
        <mark key="^" line="30" column="36" />
      </file>
      <file name="$USER_HOME$/tec-do/dts-plugin-abot/dts-abot/src/main/java/com/mobisummer/emp/conversion/processor/handler/AeSkuProcessHandler.java" timestamp="1558677947986">
        <mark key="[" line="16" column="0" />
        <mark key="]" line="16" column="0" />
        <mark key="^" line="52" column="62" />
        <mark key="." line="16" column="0" />
      </file>
      <file name="$USER_HOME$/tec-do/dts-plugin-abot/dts-abot/src/test/java/com/mobisummer/emp/conversion/converter/AeSpuConverterTest.java" timestamp="1558925867519">
        <mark key="[" line="35" column="37" />
        <mark key="]" line="35" column="35" />
        <mark key="." line="35" column="35" />
        <mark key="^" line="35" column="35" />
      </file>
      <file name="$USER_HOME$/tec-do/config/dts-plugin-abot/dts-abot/test_jerry/BOOT-INF/classes/application.properties" timestamp="1559198816311">
        <mark key="[" line="9" column="69" />
        <mark key="]" line="13" column="67" />
        <mark key="." line="13" column="67" />
        <mark key="^" line="13" column="67" />
      </file>
      <file name="$USER_HOME$/tec-do/dts-plugin-abot/dts-abot/src/main/java/com/mobisummer/emp/conversion/worker/ProcessWorker.java" timestamp="1559620472032">
        <mark key="'" line="66" column="9" />
        <mark key="[" line="117" column="0" />
        <mark key="]" line="117" column="0" />
        <mark key="." line="117" column="0" />
        <mark key="^" line="117" column="8" />
      </file>
      <file name="$USER_HOME$/tec-do/dts-plugin-abot/dts-abot/src/main/java/com/mobisummer/emp/conversion/processor/converter/lzd/LzdSpuConverter.java" timestamp="1559529632804">
        <mark key="[" line="134" column="13" />
        <mark key="]" line="134" column="10" />
        <mark key="^" line="134" column="10" />
        <mark key="." line="134" column="10" />
      </file>
      <file name="/dummy.sql" timestamp="1560251555279">
        <mark key="[" line="0" column="0" />
      </file>
      <file name="$USER_HOME$/tec-do/dts-plugin-abot/dts-sdk/src/main/java/com/mobisummer/emp/protocol/entity/DtsMessage.java" timestamp="1559132778830">
        <mark key="[" line="11" column="24" />
        <mark key="]" line="11" column="46" />
        <mark key="^" line="11" column="46" />
        <mark key="." line="11" column="46" />
      </file>
      <file name="/Dummy.txt" timestamp="1560486366660">
        <mark key="[" line="0" column="0" />
      </file>
      <file name="$USER_HOME$/tec-do/dts-plugin-abot/dts-abot/src/main/java/com/mobisummer/emp/conversion/processor/handler/AeSpuProcessHandler.java" timestamp="1558946817726">
        <mark key="[" line="95" column="0" />
        <mark key="]" line="95" column="0" />
        <mark key="^" line="81" column="44" />
        <mark key="." line="95" column="0" />
      </file>
      <file name="$USER_HOME$/tec-do/dts-plugin-abot/dts-abot/src/main/java/com/mobisummer/emp/conversion/processor/handler/ProcessHandler.java" timestamp="1560392144751">
        <mark key="'" line="300" column="18" />
        <mark key="[" line="73" column="60" />
        <mark key="]" line="73" column="60" />
        <mark key="^" line="73" column="75" />
        <mark key="." line="73" column="60" />
      </file>
      <file name="$USER_HOME$/tec-do/abot-slave/slave/src/main/java/com/mobisummer/abot/slave/dao/ParamsRepository.java" timestamp="1560480858034">
        <mark key="[" line="23" column="57" />
        <mark key="]" line="24" column="40" />
        <mark key="^" line="24" column="40" />
        <mark key="." line="24" column="40" />
      </file>
      <file name="$USER_HOME$/tec-do/dts-plugin-abot/dts-abot/src/main/java/com/mobisummer/emp/conversion/processor/handler/LzdProcessHandler.java" timestamp="1558671463810">
        <mark key="'" line="84" column="54" />
        <mark key="[" line="7" column="0" />
        <mark key="]" line="7" column="0" />
        <mark key="^" line="50" column="12" />
        <mark key="." line="7" column="0" />
      </file>
      <file name="$USER_HOME$/tec-do/dts-plugin-abot/dts-abot/src/main/java/com/mobisummer/emp/conversion/entity/PmResponse.java" timestamp="1559097686894">
        <mark key="[" line="10" column="24" />
        <mark key="]" line="11" column="1" />
        <mark key="." line="11" column="1" />
        <mark key="^" line="11" column="1" />
      </file>
      <file name="$USER_HOME$/tec-do/abot-master/master/src/main/java/com/mobisummer/abot/master/contant/TopicConst.java" timestamp="1560394428244">
        <mark key="[" line="7" column="53" />
        <mark key="]" line="7" column="53" />
        <mark key="^" line="7" column="53" />
        <mark key="." line="7" column="53" />
      </file>
      <file name="$USER_HOME$/tec-do/dts-plugin-abot/dts-abot/src/main/java/com/mobisummer/emp/conversion/processor/converter/base/SpuConverter.java" timestamp="1560335912968">
        <mark key="'" line="140" column="83" />
        <mark key="[" line="20" column="0" />
        <mark key="]" line="20" column="0" />
        <mark key="^" line="502" column="33" />
        <mark key="." line="20" column="0" />
      </file>
      <file name="$USER_HOME$/tec-do/dts-plugin-abot/dts-abot/src/main/java/com/mobisummer/emp/conversion/entity/GatewayResponse.java" timestamp="1559120289534">
        <mark key="[" line="7" column="31" />
        <mark key="]" line="8" column="1" />
        <mark key="." line="8" column="1" />
        <mark key="^" line="8" column="1" />
      </file>
      <file name="$USER_HOME$/tec-do/dts-plugin-abot/dts-abot/src/main/java/com/mobisummer/emp/conversion/processor/converter/base/SkuConverter.java" timestamp="1559268674639">
        <mark key="'" line="59" column="14" />
        <mark key="[" line="27" column="0" />
        <mark key="]" line="27" column="0" />
        <mark key="^" line="382" column="44" />
        <mark key="." line="27" column="0" />
      </file>
      <file name="$USER_HOME$/tec-do/dts-plugin-abot/dts-abot/src/main/java/com/mobisummer/emp/conversion/entity/Spu.java" timestamp="1558496699458">
        <mark key="'" line="37" column="16" />
        <mark key="[" line="33" column="12" />
        <mark key="]" line="33" column="19" />
        <mark key="." line="33" column="19" />
        <mark key="^" line="33" column="19" />
      </file>
      <file name="$USER_HOME$/tec-do/abot-master/protocol/src/main/java/com/mobisummer/abot/protocol/event/CleanJobEvent.java" timestamp="1560332059118">
        <mark key="^" line="6" column="0" />
      </file>
      <file name="$USER_HOME$/tec-do/abot-slave/slave/src/main/java/com/mobisummer/abot/slave/crawl/CustomPipeline.java" timestamp="1560496374332">
        <mark key="'" line="43" column="23" />
        <mark key="[" line="90" column="9" />
        <mark key="]" line="90" column="64" />
        <mark key="^" line="90" column="64" />
        <mark key="." line="90" column="64" />
      </file>
      <file name="$USER_HOME$/tec-do/dts-plugin-abot/dts-abot/src/test/java/com/mobisummer/emp/conversion/converter/LzdSpuConverterTest.java" timestamp="1558667864164">
        <mark key="[" line="7" column="0" />
        <mark key="]" line="7" column="0" />
        <mark key="^" line="34" column="48" />
        <mark key="." line="7" column="0" />
      </file>
      <file name="$USER_HOME$/tec-do/dts-plugin-abot/dts-abot/src/main/java/com/mobisummer/emp/conversion/utils/Json.java" timestamp="1559530615128">
        <mark key="'" line="388" column="37" />
        <mark key="[" line="3405" column="0" />
        <mark key="]" line="3405" column="0" />
        <mark key="." line="3405" column="0" />
        <mark key="^" line="1409" column="11" />
      </file>
      <file name="$USER_HOME$/tec-do/dts-plugin-abot/dts-abot/src/main/java/com/mobisummer/emp/conversion/utils/ConversionUtil.java" timestamp="1560396104305">
        <mark key="'" line="181" column="29" />
        <mark key="[" line="181" column="16" />
        <mark key="]" line="181" column="82" />
        <mark key="." line="181" column="82" />
        <mark key="^" line="181" column="82" />
      </file>
      <file name="$USER_HOME$/tec-do/abot-slave/slave/src/main/java/com/mobisummer/abot/slave/dao/ParamsRepositoryRemoteImpl.java" timestamp="1559642456337">
        <mark key="[" line="30" column="33" />
        <mark key="]" line="30" column="33" />
        <mark key="^" line="30" column="33" />
        <mark key="." line="30" column="33" />
      </file>
      <file name="/fragment.java" timestamp="1560493061075">
        <mark key="[" line="0" column="0" />
      </file>
    </filemarks>
    <jumps>
      <jump line="540" column="54" filename="$USER_HOME$/tec-do/abot-master/master/src/main/java/com/mobisummer/abot/master/service/JobService.java" />
      <jump line="521" column="26" filename="$USER_HOME$/tec-do/abot-master/master/src/main/java/com/mobisummer/abot/master/service/JobService.java" />
      <jump line="522" column="28" filename="$USER_HOME$/tec-do/abot-master/master/src/main/java/com/mobisummer/abot/master/service/JobService.java" />
      <jump line="523" column="57" filename="$USER_HOME$/tec-do/abot-master/master/src/main/java/com/mobisummer/abot/master/service/JobService.java" />
      <jump line="538" column="23" filename="$USER_HOME$/tec-do/abot-master/master/src/main/java/com/mobisummer/abot/master/service/JobService.java" />
      <jump line="539" column="12" filename="$USER_HOME$/tec-do/abot-master/master/src/main/java/com/mobisummer/abot/master/service/JobService.java" />
      <jump line="543" column="18" filename="$USER_HOME$/tec-do/abot-master/master/src/main/java/com/mobisummer/abot/master/service/JobService.java" />
      <jump line="266" column="4" filename="$USER_HOME$/tec-do/abot-master/master/src/main/java/com/mobisummer/abot/master/service/JobService.java" />
      <jump line="679" column="15" filename="$USER_HOME$/tec-do/abot-master/master/src/main/java/com/mobisummer/abot/master/service/JobService.java" />
      <jump line="414" column="70" filename="$USER_HOME$/tec-do/abot-master/master/src/main/java/com/mobisummer/abot/master/service/JobService.java" />
      <jump line="494" column="26" filename="$USER_HOME$/tec-do/abot-master/master/src/main/java/com/mobisummer/abot/master/service/JobService.java" />
      <jump line="493" column="20" filename="$USER_HOME$/tec-do/abot-master/master/src/main/java/com/mobisummer/abot/master/service/JobService.java" />
      <jump line="512" column="19" filename="$USER_HOME$/tec-do/abot-master/master/src/main/java/com/mobisummer/abot/master/service/JobService.java" />
      <jump line="514" column="19" filename="$USER_HOME$/tec-do/abot-master/master/src/main/java/com/mobisummer/abot/master/service/JobService.java" />
      <jump line="544" column="75" filename="$USER_HOME$/tec-do/abot-master/master/src/main/java/com/mobisummer/abot/master/service/JobService.java" />
      <jump line="571" column="54" filename="$USER_HOME$/tec-do/abot-master/master/src/main/java/com/mobisummer/abot/master/service/JobService.java" />
      <jump line="577" column="39" filename="$USER_HOME$/tec-do/abot-master/master/src/main/java/com/mobisummer/abot/master/service/JobService.java" />
      <jump line="582" column="75" filename="$USER_HOME$/tec-do/abot-master/master/src/main/java/com/mobisummer/abot/master/service/JobService.java" />
      <jump line="610" column="82" filename="$USER_HOME$/tec-do/abot-master/master/src/main/java/com/mobisummer/abot/master/service/JobService.java" />
      <jump line="620" column="70" filename="$USER_HOME$/tec-do/abot-master/master/src/main/java/com/mobisummer/abot/master/service/JobService.java" />
      <jump line="625" column="68" filename="$USER_HOME$/tec-do/abot-master/master/src/main/java/com/mobisummer/abot/master/service/JobService.java" />
      <jump line="505" column="8" filename="$USER_HOME$/tec-do/abot-master/master/src/main/java/com/mobisummer/abot/master/service/JobService.java" />
      <jump line="529" column="31" filename="$USER_HOME$/tec-do/abot-master/master/src/main/java/com/mobisummer/abot/master/service/JobService.java" />
      <jump line="499" column="17" filename="$USER_HOME$/tec-do/abot-master/master/src/main/java/com/mobisummer/abot/master/service/JobService.java" />
      <jump line="500" column="23" filename="$USER_HOME$/tec-do/abot-master/master/src/main/java/com/mobisummer/abot/master/service/JobService.java" />
      <jump line="509" column="25" filename="$USER_HOME$/tec-do/abot-master/master/src/main/java/com/mobisummer/abot/master/service/JobService.java" />
      <jump line="508" column="26" filename="$USER_HOME$/tec-do/abot-master/master/src/main/java/com/mobisummer/abot/master/service/JobService.java" />
      <jump line="483" column="53" filename="$USER_HOME$/tec-do/abot-master/master/src/main/java/com/mobisummer/abot/master/service/JobService.java" />
      <jump line="883" column="24" filename="$USER_HOME$/tec-do/abot-master/master/src/main/java/com/mobisummer/abot/master/service/JobService.java" />
      <jump line="450" column="77" filename="$USER_HOME$/tec-do/abot-master/master/src/main/java/com/mobisummer/abot/master/service/JobService.java" />
      <jump line="814" column="4" filename="$USER_HOME$/tec-do/abot-master/master/src/main/java/com/mobisummer/abot/master/service/JobService.java" />
      <jump line="91" column="27" filename="$USER_HOME$/tec-do/abot-master/master/src/main/java/com/mobisummer/abot/master/service/JobService.java" />
      <jump line="102" column="4" filename="$USER_HOME$/tec-do/abot-master/master/src/main/java/com/mobisummer/abot/master/service/JobService.java" />
      <jump line="195" column="34" filename="$USER_HOME$/tec-do/abot-master/master/src/main/java/com/mobisummer/abot/master/service/JobService.java" />
      <jump line="197" column="50" filename="$USER_HOME$/tec-do/abot-master/master/src/main/java/com/mobisummer/abot/master/service/JobService.java" />
      <jump line="223" column="8" filename="$USER_HOME$/tec-do/abot-master/master/src/main/java/com/mobisummer/abot/master/service/JobService.java" />
      <jump line="339" column="30" filename="$USER_HOME$/tec-do/abot-master/master/src/main/java/com/mobisummer/abot/master/service/JobService.java" />
      <jump line="347" column="32" filename="$USER_HOME$/tec-do/abot-master/master/src/main/java/com/mobisummer/abot/master/service/JobService.java" />
      <jump line="453" column="4" filename="$USER_HOME$/tec-do/abot-master/master/src/main/java/com/mobisummer/abot/master/service/JobService.java" />
      <jump line="463" column="6" filename="$USER_HOME$/tec-do/abot-master/master/src/main/java/com/mobisummer/abot/master/service/JobService.java" />
      <jump line="589" column="10" filename="$USER_HOME$/tec-do/abot-master/master/src/main/java/com/mobisummer/abot/master/service/JobService.java" />
      <jump line="587" column="16" filename="$USER_HOME$/tec-do/abot-master/master/src/main/java/com/mobisummer/abot/master/service/JobService.java" />
      <jump line="622" column="8" filename="$USER_HOME$/tec-do/abot-master/master/src/main/java/com/mobisummer/abot/master/service/JobService.java" />
      <jump line="623" column="8" filename="$USER_HOME$/tec-do/abot-master/master/src/main/java/com/mobisummer/abot/master/service/JobService.java" />
      <jump line="300" column="18" filename="$USER_HOME$/tec-do/dts-plugin-abot/dts-abot/src/main/java/com/mobisummer/emp/conversion/processor/handler/ProcessHandler.java" />
      <jump line="640" column="19" filename="$USER_HOME$/tec-do/abot-master/master/src/main/java/com/mobisummer/abot/master/service/JobService.java" />
      <jump line="637" column="58" filename="$USER_HOME$/tec-do/abot-master/master/src/main/java/com/mobisummer/abot/master/service/JobService.java" />
      <jump line="385" column="24" filename="$USER_HOME$/tec-do/abot-master/master/src/main/java/com/mobisummer/abot/master/service/JobService.java" />
      <jump line="621" column="24" filename="$USER_HOME$/tec-do/abot-master/master/src/main/java/com/mobisummer/abot/master/service/JobService.java" />
      <jump line="636" column="35" filename="$USER_HOME$/tec-do/abot-master/master/src/main/java/com/mobisummer/abot/master/service/JobService.java" />
      <jump line="821" column="53" filename="$USER_HOME$/tec-do/abot-master/master/src/main/java/com/mobisummer/abot/master/service/JobService.java" />
      <jump line="517" column="19" filename="$USER_HOME$/tec-do/abot-master/master/src/main/java/com/mobisummer/abot/master/service/JobService.java" />
      <jump line="547" column="75" filename="$USER_HOME$/tec-do/abot-master/master/src/main/java/com/mobisummer/abot/master/service/JobService.java" />
      <jump line="631" column="68" filename="$USER_HOME$/tec-do/abot-master/master/src/main/java/com/mobisummer/abot/master/service/JobService.java" />
      <jump line="611" column="8" filename="$USER_HOME$/tec-do/abot-master/master/src/main/java/com/mobisummer/abot/master/service/JobService.java" />
      <jump line="614" column="2" filename="$USER_HOME$/tec-do/abot-master/master/src/main/java/com/mobisummer/abot/master/service/JobService.java" />
      <jump line="123" column="38" filename="$USER_HOME$/tec-do/abot-master/master/src/main/java/com/mobisummer/abot/master/service/JobService.java" />
      <jump line="137" column="40" filename="$USER_HOME$/tec-do/abot-master/master/src/main/java/com/mobisummer/abot/master/service/JobService.java" />
      <jump line="138" column="8" filename="$USER_HOME$/tec-do/abot-master/master/src/main/java/com/mobisummer/abot/master/service/JobService.java" />
      <jump line="139" column="46" filename="$USER_HOME$/tec-do/abot-master/master/src/main/java/com/mobisummer/abot/master/service/JobService.java" />
      <jump line="141" column="59" filename="$USER_HOME$/tec-do/abot-master/master/src/main/java/com/mobisummer/abot/master/service/JobService.java" />
      <jump line="144" column="23" filename="$USER_HOME$/tec-do/abot-master/master/src/main/java/com/mobisummer/abot/master/service/JobService.java" />
      <jump line="155" column="22" filename="$USER_HOME$/tec-do/abot-master/master/src/main/java/com/mobisummer/abot/master/service/JobService.java" />
      <jump line="171" column="74" filename="$USER_HOME$/tec-do/abot-master/master/src/main/java/com/mobisummer/abot/master/service/JobService.java" />
      <jump line="181" column="39" filename="$USER_HOME$/tec-do/abot-master/master/src/main/java/com/mobisummer/abot/master/service/JobService.java" />
      <jump line="182" column="8" filename="$USER_HOME$/tec-do/abot-master/master/src/main/java/com/mobisummer/abot/master/service/JobService.java" />
      <jump line="183" column="42" filename="$USER_HOME$/tec-do/abot-master/master/src/main/java/com/mobisummer/abot/master/service/JobService.java" />
      <jump line="185" column="58" filename="$USER_HOME$/tec-do/abot-master/master/src/main/java/com/mobisummer/abot/master/service/JobService.java" />
      <jump line="188" column="30" filename="$USER_HOME$/tec-do/abot-master/master/src/main/java/com/mobisummer/abot/master/service/JobService.java" />
      <jump line="194" column="30" filename="$USER_HOME$/tec-do/abot-master/master/src/main/java/com/mobisummer/abot/master/service/JobService.java" />
      <jump line="200" column="52" filename="$USER_HOME$/tec-do/abot-master/master/src/main/java/com/mobisummer/abot/master/service/JobService.java" />
      <jump line="216" column="34" filename="$USER_HOME$/tec-do/abot-master/master/src/main/java/com/mobisummer/abot/master/service/JobService.java" />
      <jump line="222" column="46" filename="$USER_HOME$/tec-do/abot-master/master/src/main/java/com/mobisummer/abot/master/service/JobService.java" />
      <jump line="224" column="61" filename="$USER_HOME$/tec-do/abot-master/master/src/main/java/com/mobisummer/abot/master/service/JobService.java" />
      <jump line="227" column="46" filename="$USER_HOME$/tec-do/abot-master/master/src/main/java/com/mobisummer/abot/master/service/JobService.java" />
      <jump line="230" column="22" filename="$USER_HOME$/tec-do/abot-master/master/src/main/java/com/mobisummer/abot/master/service/JobService.java" />
      <jump line="254" column="43" filename="$USER_HOME$/tec-do/abot-master/master/src/main/java/com/mobisummer/abot/master/service/JobService.java" />
      <jump line="255" column="47" filename="$USER_HOME$/tec-do/abot-master/master/src/main/java/com/mobisummer/abot/master/service/JobService.java" />
      <jump line="650" column="59" filename="$USER_HOME$/tec-do/abot-master/master/src/main/java/com/mobisummer/abot/master/service/JobService.java" />
      <jump line="594" column="9" filename="$USER_HOME$/tec-do/abot-master/master/src/main/java/com/mobisummer/abot/master/service/JobService.java" />
      <jump line="603" column="14" filename="$USER_HOME$/tec-do/abot-master/master/src/main/java/com/mobisummer/abot/master/service/JobService.java" />
      <jump line="82" column="13" filename="$USER_HOME$/tec-do/abot-master/master/src/main/java/com/mobisummer/abot/master/service/JobService.java" />
      <jump line="170" column="77" filename="$USER_HOME$/tec-do/dts-plugin-abot/dts-abot/src/main/java/com/mobisummer/emp/conversion/utils/ConversionUtil.java" />
      <jump line="174" column="70" filename="$USER_HOME$/tec-do/dts-plugin-abot/dts-abot/src/main/java/com/mobisummer/emp/conversion/utils/ConversionUtil.java" />
      <jump line="180" column="29" filename="$USER_HOME$/tec-do/dts-plugin-abot/dts-abot/src/main/java/com/mobisummer/emp/conversion/utils/ConversionUtil.java" />
      <jump line="202" column="21" filename="$USER_HOME$/tec-do/abot-slave/slave/src/main/java/com/mobisummer/abot/slave/crawl/CommonPageProcessor.java" />
      <jump line="203" column="32" filename="$USER_HOME$/tec-do/abot-slave/slave/src/main/java/com/mobisummer/abot/slave/crawl/CommonPageProcessor.java" />
      <jump line="217" column="61" filename="$USER_HOME$/tec-do/abot-slave/slave/src/main/java/com/mobisummer/abot/slave/crawl/CommonPageProcessor.java" />
      <jump line="222" column="45" filename="$USER_HOME$/tec-do/abot-slave/slave/src/main/java/com/mobisummer/abot/slave/crawl/CommonPageProcessor.java" />
      <jump line="235" column="22" filename="$USER_HOME$/tec-do/abot-slave/slave/src/main/java/com/mobisummer/abot/slave/crawl/CommonPageProcessor.java" />
      <jump line="236" column="59" filename="$USER_HOME$/tec-do/abot-slave/slave/src/main/java/com/mobisummer/abot/slave/crawl/CommonPageProcessor.java" />
      <jump line="241" column="43" filename="$USER_HOME$/tec-do/abot-slave/slave/src/main/java/com/mobisummer/abot/slave/crawl/CommonPageProcessor.java" />
      <jump line="104" column="24" filename="$USER_HOME$/tec-do/abot-slave/slave/src/main/java/com/mobisummer/abot/slave/crawl/CommonPageProcessor.java" />
      <jump line="106" column="68" filename="$USER_HOME$/tec-do/abot-slave/slave/src/main/java/com/mobisummer/abot/slave/crawl/CommonPageProcessor.java" />
      <jump line="185" column="14" filename="$USER_HOME$/tec-do/abot-slave/slave/src/main/java/com/mobisummer/abot/slave/crawl/CommonPageProcessor.java" />
      <jump line="188" column="75" filename="$USER_HOME$/tec-do/abot-slave/slave/src/main/java/com/mobisummer/abot/slave/crawl/CommonPageProcessor.java" />
      <jump line="190" column="78" filename="$USER_HOME$/tec-do/abot-slave/slave/src/main/java/com/mobisummer/abot/slave/crawl/CommonPageProcessor.java" />
      <jump line="91" column="22" filename="$USER_HOME$/tec-do/abot-slave/slave/src/main/java/com/mobisummer/abot/slave/crawl/CustomPipeline.java" />
      <jump line="89" column="21" filename="$USER_HOME$/tec-do/abot-slave/slave/src/main/java/com/mobisummer/abot/slave/crawl/CustomPipeline.java" />
      <jump line="42" column="23" filename="$USER_HOME$/tec-do/abot-slave/slave/src/main/java/com/mobisummer/abot/slave/crawl/CustomPipeline.java" />
    </jumps>
    <registers>
      <register name="&quot;" type="4">
        <text encoding="base64">IA==</text>
      </register>
      <register name="-" type="4">
        <text encoding="base64">IA==</text>
      </register>
      <register name="/" type="4">
        <text encoding="base64">XDxzdG9yYWdlUnVsZVw+</text>
      </register>
      <register name="0" type="2">
        <text encoding="base64">ICAgICAgICAgIExPR0dFUi5kZWJ1ZygiaGFzUmVxdWlyZWRKb2JOb3RTdWNjZXNzIGlzIGZhbHNlIik7Cg==</text>
      </register>
      <register name="1" type="2">
        <text encoding="base64">ICAgICAgZXZlbnQuc2V0Q29tbWFuZChjb21tYW5kKTsK</text>
      </register>
      <register name="2" type="2">
        <text encoding="base64">ICAgIAo=</text>
      </register>
      <register name="3" type="2">
        <text encoding="base64">ICAgIFN0cmluZyBDT01NQU5EID0gImNvbW1hbmQiOwo=</text>
      </register>
      <register name="4" type="4">
        <text>public String getCommand() {
    return command;
  }

  public void setCommand(String command) {
    this.command = command;
  }</text>
      </register>
      <register name="5" type="2">
        <text encoding="base64">ICAgICAgCg==</text>
      </register>
      <register name="6" type="2">
        <text encoding="base64">Cg==</text>
      </register>
      <register name="7" type="2">
        <text encoding="base64">Cg==</text>
      </register>
      <register name="8" type="2">
        <text encoding="base64">ICAgICAgICAK</text>
      </register>
      <register name="9" type="2">
        <text encoding="base64">ICAgICAgICBKb2JTdGF0dXNMaXN0LnNpemUgPCBleHBlY3RKb2JJZExpc3Quc2l6ZQo=</text>
      </register>
      <register name=":" type="4">
        <text>1,$ s/maxchars/maxChars/g</text>
      </register>
    </registers>
    <search>
      <last-search encoding="base64">XDxzdG9yYWdlUnVsZVw+</last-search>
      <last-offset />
      <last-pattern encoding="base64">XDxzdG9yYWdlUnVsZVw+</last-pattern>
      <last-replace>maxChars</last-replace>
      <last-substitute encoding="base64">XDxqb2JGbG93RGV0YWlsXD4=</last-substitute>
      <last-dir>1</last-dir>
      <show-last>false</show-last>
    </search>
    <history>
      <history-search>
        <entry encoding="base64">XDxjbGVhbnNcPg==</entry>
        <entry encoding="base64">XDxjbGVhblJ1bGVcPg==</entry>
        <entry encoding="base64">XDxpbmRleFZhbHVlTGlzdFw+</entry>
        <entry encoding="base64">XDxleHRyYVw+</entry>
        <entry encoding="base64">XDxyZW1vdGVFdmVudFw+</entry>
        <entry>config</entry>
        <entry>handleC</entry>
        <entry>handl</entry>
        <entry encoding="base64">XDxkZXRhaWxzU2l6ZVw+</entry>
        <entry encoding="base64">XDxldmVudFw+</entry>
        <entry encoding="base64">XDxjbGVhbkpvYkV2ZW50TGlzdFw+</entry>
        <entry>Const</entry>
        <entry encoding="base64">XDxjb21tYW5kXD4=</entry>
        <entry>data</entry>
        <entry>notify</entry>
        <entry encoding="base64">XDx1cmxcPg==</entry>
        <entry encoding="base64">XDxzdWJGaWVsZHNcPg==</entry>
        <entry encoding="base64">XDxpdGVtXD4=</entry>
        <entry encoding="base64">XDx3aGVuXD4=</entry>
        <entry encoding="base64">XDxzdG9yYWdlUnVsZVw+</entry>
      </history-search>
      <history-cmd>
        <entry>wq</entry>
        <entry>w</entry>
        <entry>1,$ s/maxchars/maxChars/g</entry>
      </history-cmd>
      <history-expr />
      <history-input />
    </history>
    <shortcut-conflicts>
      <shortcut-conflict owner="vim">
        <text>ctrl pressed M</text>
      </shortcut-conflict>
    </shortcut-conflicts>
    <editor>
      <key-repeat enabled="true" />
    </editor>
  </component>
</application>