<application>
  <component name="AppStorage">
    <histories>
      <item value="servlet" />
      <item value="completed" />
      <item value="sniff" />
      <item value="Selectable" />
      <item value="Unreachable statement" />
      <item value="Simple" />
      <item value="Failed to decode 'Upstream'. Decoding errored with: A class could not be found for the discriminator: 'com.mobisummer.abot.master.dao.entity.Upstream'." />
      <item value="Illegal character in scheme name at index 0: 127.0.0.1:8086/command" />
      <item value="SERVER INTERNAL ERROR" />
      <item value="cancelled" />
      <item value="异步" />
      <item value="转发到master" />
      <item value="Incompatible types. Required String but 'get' was inferred to T: no instance(s) of type variable(s) exist so that Class&lt;String&gt; conforms to String" />
      <item value="Illegal escape character in string literal" />
      <item value="startup" />
      <item value="Custom" />
      <item value="Notification" />
      <item value="Cycle" />
      <item value="Life" />
      <item value="COMPLETE" />
      <item value="is Duplicate" />
      <item value="pinned" />
      <item value="but lack the 3rd value" />
      <item value="Consume" />
      <item value="get Proxy" />
      <item value="fetch Proxies" />
      <item value="hook" />
      <item value="NotExist" />
      <item value="不存在可用代理" />
      <item value="process" />
      <item value="数据转换错误" />
      <item value="不支持" />
      <item value="unsupport" />
      <item value="fail" />
      <item value="失败" />
      <item value="参数异常" />
      <item value="site" />
      <item value="Illegal Argument" />
      <item value="Illegal Argument Exception" />
      <item value="advance bot" />
      <item value="advance" />
      <item value="advancd" />
      <item value="2019年6月最后一个周末的游玩计划" />
      <item value="Travel plan for the last weekend of June 2019" />
      <item value="itinerary" />
      <item value="travel" />
      <item value="Travel " />
      <item value="2019年6月的最后一个周末的出行方案" />
      <item value="2019年6月的最后一个周末的出行方案\" />
      <item value="Last weekend of June 2019" />
    </histories>
    <option name="languageScores">
      <map>
        <entry key="CHINESE" value="86" />
        <entry key="ENGLISH" value="86" />
      </map>
    </option>
  </component>
</application>