<application>
  <component name="AppStorage">
    <histories>
      <item value="Show Bookmarks and 10 more shortcut conflict with macOS shortcuts. Modify these shortcuts or change macOS system settings." />
      <item value="incompatible" />
      <item value="&quot;saveData's&quot; @Transactional requirement is incompatible with the one for this method." />
      <item value="确认" />
      <item value="Facade" />
    </histories>
    <option name="languageScores">
      <map>
        <entry key="CHINESE" value="2" />
        <entry key="ENGLISH" value="2" />
      </map>
    </option>
  </component>
</application>