<application>
  <component name="AppStorage">
    <histories>
      <item value="Expire" />
      <item value="n Terminate" />
      <item value="get multi bulk reply" />
      <item value="get Multi bulk reply" />
      <item value="get Multi Bulk reply" />
      <item value="Closes this stream and releases any system resources associated * with it. If the stream is already closed then invoking this * method has no effect." />
      <item value="Closes the pool. Once the pool is closed" />
      <item value="Could not destroy the pool" />
      <item value="Resource cleanup should be * done using" />
      <item value="This class is not thread-safe; it is only intended to be used to provide * attributes used when creating a pool." />
      <item value="A simple &quot;struct&quot; encapsulating the configuration for a" />
      <item value="duplicate" />
      <item value="Selectable" />
      <item value="调度" />
      <item value="schedule" />
      <item value="fetch" />
      <item value="Cycle" />
      <item value="Item" />
      <item value="INTERRUPT" />
      <item value="Execution" />
      <item value="原始" />
      <item value="编码" />
      <item value="Reference" />
      <item value="Life" />
      <item value="Interval" />
      <item value="已经提交" />
      <item value="已经submit" />
      <item value="正在运行的转换器是" />
      <item value="prefix" />
      <item value="avail Quantity" />
      <item value="availQuantity" />
      <item value="没有移动端详情" />
      <item value="失败的" />
      <item value="the variable initializer is redundant" />
      <item value="格式" />
      <item value="前缀" />
      <item value="each" />
      <item value="common" />
      <item value="comment" />
      <item value="inventory" />
      <item value="Inventory" />
      <item value="tempo" />
      <item value="temp" />
      <item value="votes" />
      <item value="conversation" />
      <item value="valid" />
      <item value="'private' method declared 'final'" />
      <item value="Modifier 'static' is redundant for inner interfaces" />
      <item value="roll" />
      <item value="描述" />
    </histories>
    <option name="languageScores">
      <map>
        <entry key="CHINESE" value="49" />
        <entry key="ENGLISH" value="50" />
      </map>
    </option>
  </component>
</application>