<application>
  <component name="AppStorage">
    <histories>
      <item value="editor" />
      <item value="edit" />
      <item value="summary" />
      <item value="摘要" />
      <item value="简介" />
      <item value="前台" />
      <item value="article" />
      <item value="私密" />
      <item value="links" />
      <item value="linkies" />
      <item value="linkes" />
      <item value="圣所" />
      <item value="sanctuary" />
      <item value="exist" />
      <item value="模块" />
      <item value="dynamices" />
      <item value="dynamics" />
      <item value="dynamic" />
      <item value="查找前十条" />
      <item value="动态" />
      <item value="archive" />
      <item value="title" />
      <item value="section" />
      <item value="总控" />
      <item value="正文" />
      <item value="Returns if there is a next" />
      <item value="Returns the number of the current" />
      <item value="Is always non-negative." />
      <item value="Returns the number of elements currently on this" />
      <item value="next" />
      <item value="Previous" />
      <item value="Previou" />
      <item value="上一页" />
      <item value="存在" />
      <item value="当前" />
      <item value="payload" />
      <item value="Returns the sorting parameters." />
      <item value="previous" />
      <item value="/** * A page is a sublist of a list of objects. It allows gain information about the position of it in the containing * entire list." />
      <item value="Inserts the given entity. Assumes the instance to be new to be able to apply insertion optimizations. Use the * returned instance for further operations as the save operation might have changed the entity instance completely. * Prefer using {@link #save(Object)} instead to avoid the usage of store-specific API." />
      <item value="Saves a given entity. Use the returned instance for further operations as the save operation might have changed the * entity instance completely." />
      <item value="Takes a MongoDB JSON string to define the actual query to be executed. This one will take precedence over the * method name then." />
      <item value="Defines the collation to apply when executing the query." />
      <item value="Returns whether the query defined should be executed as exists projection." />
      <item value="Returns whether the query defined should be executed as count projection." />
      <item value="Defines the fields that should be returned for the given query. Note that only these fields will make it into the * domain object returned." />
      <item value="Reading" />
      <item value="阅读量" />
      <item value="访问人数" />
      <item value="阅读数" />
    </histories>
    <option name="languageScores">
      <map>
        <entry key="CHINESE" value="32" />
        <entry key="ENGLISH" value="32" />
      </map>
    </option>
  </component>
</application>