<application>
  <component name="AppStorage">
    <histories>
      <item value="删除检查" />
      <item value="作废检查" />
      <item value="退回远程报告" />
      <item value="采用远程报告" />
      <item value="自动完成报告" />
      <item value="完成报告" />
      <item value="合并患者档案" />
      <item value="删除患者" />
      <item value="批量删除影像" />
      <item value="删除影像" />
      <item value="manual" />
      <item value="migration" />
      <item value="erase" />
      <item value="has not" />
      <item value="没有糖网" />
      <item value="Disorder" />
      <item value="Conclusion" />
      <item value="impression" />
      <item value="// check if keys are down that preclude mouse click edits from happening" />
      <item value="inputFocus" />
      <item value="Grid" />
      <item value="CHARACTER" />
      <item value="登录请求拒绝, 请五分钟后再尝试" />
      <item value="验证码错误" />
      <item value="验证码cuowu " />
      <item value="验证码已过期" />
      <item value="define" />
      <item value="flush" />
      <item value="ban" />
      <item value="已禁用" />
      <item value="baned" />
      <item value="NEED CAPTCHA NUMS" />
      <item value="需要" />
      <item value="neet" />
      <item value="NEET CAPTCHA NUMS" />
      <item value="NEET_CAPTCHA_NUMS" />
      <item value="禁止登录" />
      <item value="An attempt was made to write more data to the response headers than there was room available in the buffer. Increase maxHttpHeaderSize on the connector or write less data into the response headers." />
      <item value="需要填充验证码" />
      <item value="severe nonproliferative diabetic retinopathy" />
      <item value="mild nonproliferative diabetic retinopathy" />
      <item value="inject" />
      <item value="只有一个" />
      <item value="tran" />
      <item value="trans" />
      <item value="reans" />
      <item value="show prefix" />
      <item value="权重" />
      <item value="review suggestion" />
      <item value="referral suggestion" />
    </histories>
    <option name="languageScores">
      <map>
        <entry key="CHINESE" value="67" />
        <entry key="ENGLISH" value="68" />
        <entry key="MALTESE" value="1" />
        <entry key="TURKISH" value="1" />
        <entry key="UZBEK" value="1" />
        <entry key="INDONESIAN" value="1" />
        <entry key="VIETNAMESE" value="1" />
      </map>
    </option>
  </component>
</application>