<application>
  <component name="AppStorage">
    <histories>
      <item value="duplicate" />
      <item value="Selectable" />
      <item value="调度" />
      <item value="schedule" />
      <item value="fetch" />
      <item value="Cycle" />
      <item value="Item" />
      <item value="INTERRUPT" />
      <item value="Execution" />
      <item value="原始" />
      <item value="编码" />
      <item value="Reference" />
      <item value="Life" />
      <item value="Interval" />
      <item value="已经提交" />
      <item value="已经submit" />
      <item value="正在运行的转换器是" />
      <item value="prefix" />
      <item value="avail Quantity" />
      <item value="availQuantity" />
      <item value="没有移动端详情" />
      <item value="失败的" />
      <item value="the variable initializer is redundant" />
      <item value="格式" />
      <item value="前缀" />
      <item value="each" />
      <item value="common" />
      <item value="comment" />
      <item value="inventory" />
      <item value="Inventory" />
      <item value="tempo" />
      <item value="temp" />
      <item value="votes" />
      <item value="conversation" />
      <item value="valid" />
      <item value="'private' method declared 'final'" />
      <item value="Modifier 'static' is redundant for inner interfaces" />
      <item value="roll" />
      <item value="描述" />
      <item value=" Feature" />
      <item value="通过" />
      <item value="practice" />
      <item value="reality" />
      <item value="实际" />
      <item value="期望" />
      <item value="用例" />
      <item value="差集" />
      <item value="currency" />
      <item value="convert to" />
      <item value="convert" />
    </histories>
    <option name="languageScores">
      <map>
        <entry key="CHINESE" value="42" />
        <entry key="ENGLISH" value="42" />
      </map>
    </option>
  </component>
</application>