<application>
  <component name="AppStorage">
    <histories>
      <item value="assertion" />
      <item value="affirmance" />
      <item value="确认" />
      <item value="Front" />
      <item value="前置" />
      <item value="cron" />
      <item value="setup" />
      <item value="inside" />
      <item value="内部" />
      <item value="Experience" />
      <item value="Position" />
      <item value="Expect Industry" />
      <item value="Expect City" />
      <item value="Current Position" />
      <item value="Current State" />
      <item value="Self Evaluation" />
      <item value="Expect" />
      <item value="Abnormal Reason" />
      <item value="interval" />
      <item value="间隔" />
      <item value="分钟" />
      <item value="Timed" />
      <item value="Interview Reminder" />
      <item value="面试提醒" />
      <item value="提醒" />
      <item value="contact" />
      <item value="线下面试" />
      <item value="reserve" />
      <item value="预约" />
      <item value="field" />
      <item value="联系方式" />
      <item value="对立面" />
      <item value="对面" />
      <item value="对方" />
      <item value="对方的" />
      <item value="can't retrieve message #53 in POP3Message.getContentStream" />
      <item value=" Mail service is not activated" />
      <item value="Raw use of parameterized class 'ResultTo'" />
      <item value="Collect" />
      <item value="'Update' statement without 'where' updates all table rows at once" />
      <item value="cancel" />
      <item value="mnenomic" />
      <item value="Invitation" />
      <item value="entries" />
      <item value="Specifies" />
      <item value="No CacheResolver specified, and no unique bean of type CacheManager found. Mark one as primary or declare a specific CacheManager to use." />
      <item value="短的" />
      <item value="长的" />
      <item value="create" />
      <item value="Redis" />
    </histories>
    <option name="languageScores">
      <map>
        <entry key="CHINESE" value="236" />
        <entry key="ENGLISH" value="236" />
        <entry key="FRENCH" value="1" />
        <entry key="SCOTS_GAELIC" value="1" />
        <entry key="SPANISH" value="1" />
        <entry key="ITALIAN" value="1" />
      </map>
    </option>
  </component>
  <component name="Settings">
    <option name="ignoreRegExp" value="" />
  </component>
</application>