<application>
  <component name="AppStorage">
    <histories>
      <item value="without" />
      <item value="oct" />
      <item value="char" />
      <item value="summary" />
      <item value="show Interpretation" />
      <item value="fuck" />
      <item value="end" />
      <item value="我只喜欢" />
      <item value="和你" />
      <item value="sex" />
      <item value="sexy" />
      <item value="Reduce the total number of break and continue statements in this loop to use at most one." />
      <item value="10010" />
      <item value="亲戚" />
      <item value="我想说的是" />
      <item value="I think they have a big relatives" />
      <item value="我想说的是relatives" />
      <item value="relative" />
      <item value="what's mean" />
      <item value="没有" />
      <item value="有关亲戚吗" />
      <item value="are you thinking about" />
      <item value="why not go home" />
      <item value="今年你回家过年吗" />
      <item value="我想和你聊聊有关xx的事情" />
      <item value="我想和你聊聊有关xx" />
      <item value="你吃饭是吃真的饭" />
      <item value="report Id" />
      <item value="foreign" />
      <item value="foreign company" />
      <item value="外企" />
      <item value="will" />
      <item value="我想以后使用英语和你交流" />
      <item value="我想使用英语和你交流" />
      <item value="wonder" />
      <item value="我想知道你喜欢我什么" />
      <item value="晚饭吃什么" />
      <item value="我正在摸鱼" />
      <item value="so early" />
      <item value="那就更令人兴奋了" />
      <item value="你不应该控制你自己" />
      <item value="a little bit" />
      <item value="wet" />
      <item value="Did you get wet" />
      <item value="那你刚刚有湿吗" />
      <item value="Cherry-pick" />
      <item value="This will create a new commit in order to revert the existing changes." />
      <item value="revert" />
      <item value="生成" />
      <item value="有效的" />
    </histories>
    <option name="languageScores">
      <map>
        <entry key="CHINESE" value="398" />
        <entry key="ENGLISH" value="322" />
        <entry key="FILIPINO" value="1" />
        <entry key="ROMANIAN" value="1" />
        <entry key="MALTESE" value="1" />
        <entry key="PORTUGUESE" value="1" />
        <entry key="SLOVENIAN" value="1" />
        <entry key="SCOTS_GAELIC" value="1" />
        <entry key="TURKISH" value="1" />
        <entry key="UZBEK" value="1" />
        <entry key="SPANISH" value="2" />
        <entry key="INDONESIAN" value="1" />
        <entry key="VIETNAMESE" value="1" />
      </map>
    </option>
  </component>
  <component name="Settings">
    <option name="ignoreRegExp" value="" />
    <option name="showWordsOnStartup" value="true" />
    <option name="translator" value="ai.youdao" />
    <option name="youdaoTranslateSettings">
      <youdao-translate>
        <option name="appId" value="28aaea6de0ef814c" />
      </youdao-translate>
    </option>
  </component>
</application>